member_path,file_size,compress_size,crc32_hex,sha256,extension,classification,interesting,notes,extracted_relative_path
AndroidManifest.xml,49036,9049,96f854c9,8943ab65c9a83ad8b3bb3ea395339f4b839ee0323c2c185fb03a282409a64b87,.xml,apk_manifest,True,['package_metadata'],extracted_members\AndroidManifest.xml
DebugProbesKt.bin,1738,782,d5ac4dc2,ae8a082dd609313835ba93c3ef479a3af9903977d7bdc81df45bbd209ec7d0da,.bin,generic_apk_member,False,[],
META-INF/androidx.activity_activity-ktx.version,6,6,79b2a190,249182a01164b81a5f7af87e5c5cdbd3344a80a7a66dfca624cecfb1501b2420,.version,generic_apk_member,False,[],
META-INF/androidx.activity_activity.version,6,6,79b2a190,249182a01164b81a5f7af87e5c5cdbd3344a80a7a66dfca624cecfb1501b2420,.version,generic_apk_member,False,[],
META-INF/androidx.annotation_annotation-experimental.version,6,6,721c3f3f,78b591400c56b7b67b8cb3b2b8a8e65e9093897f02ce0878e6b5405c68620fa7,.version,generic_apk_member,False,[],
META-INF/androidx.appcompat_appcompat-resources.version,6,6,577760e3,1e5b51cde515396a9fa762909cf8ca6584ccc564b325d2eebeea76175fe95c4d,.version,generic_apk_member,False,[],
META-INF/androidx.appcompat_appcompat.version,6,6,577760e3,1e5b51cde515396a9fa762909cf8ca6584ccc564b325d2eebeea76175fe95c4d,.version,generic_apk_member,False,[],
META-INF/androidx.arch.core_core-runtime.version,67,61,4de833ac,1b7c606370188534dac5561fba2b2988093829697fce9e6e8832e9291d24ed00,.version,generic_apk_member,False,[],
META-INF/androidx.browser_browser.version,6,6,38ca8087,3eb1ef94b5890ca727158b106142685c8733b0ace5bcb4cf3f0ac14f9f0643f4,.version,generic_apk_member,False,[],
META-INF/androidx.core_core-ktx.version,7,7,d6eff90f,118705d21506adb8d7c06a51156bb59497679f644fb4ae3d14bbbfc366643124,.version,generic_apk_member,False,[],
META-INF/androidx.core_core.version,7,7,d6eff90f,118705d21506adb8d7c06a51156bb59497679f644fb4ae3d14bbbfc366643124,.version,generic_apk_member,False,[],
META-INF/androidx.credentials_credentials-play-services-auth.version,11,11,84ffdda7,aaf490c7f3bf12c9dc9d4c70971a0485b472606b384f8c6d9c554a7beabf11c7,.version,generic_apk_member,False,[],
META-INF/androidx.credentials_credentials.version,11,11,84ffdda7,aaf490c7f3bf12c9dc9d4c70971a0485b472606b384f8c6d9c554a7beabf11c7,.version,generic_apk_member,False,[],
META-INF/androidx.cursoradapter_cursoradapter.version,6,6,fd7ea868,59854984853104df5c353e2f681a15fc7924742f9a2e468c29af248dce45ce03,.version,generic_apk_member,False,[],
META-INF/androidx.customview_customview.version,6,6,fd7ea868,59854984853104df5c353e2f681a15fc7924742f9a2e468c29af248dce45ce03,.version,generic_apk_member,False,[],
META-INF/androidx.datastore_datastore.version,6,6,fd7ea868,59854984853104df5c353e2f681a15fc7924742f9a2e468c29af248dce45ce03,.version,generic_apk_member,False,[],
META-INF/androidx.documentfile_documentfile.version,6,6,fd7ea868,59854984853104df5c353e2f681a15fc7924742f9a2e468c29af248dce45ce03,.version,generic_apk_member,False,[],
META-INF/androidx.drawerlayout_drawerlayout.version,6,6,fd7ea868,59854984853104df5c353e2f681a15fc7924742f9a2e468c29af248dce45ce03,.version,generic_apk_member,False,[],
META-INF/androidx.fragment_fragment.version,6,6,45c2cf0d,1575e1af4a95f12f70b4ee6a6adce8160953d93ea17dc2611b90883ccc3ad3b8,.version,generic_apk_member,False,[],
META-INF/androidx.interpolator_interpolator.version,6,6,fd7ea868,59854984853104df5c353e2f681a15fc7924742f9a2e468c29af248dce45ce03,.version,generic_apk_member,False,[],
META-INF/androidx.legacy_legacy-support-core-utils.version,6,6,fd7ea868,59854984853104df5c353e2f681a15fc7924742f9a2e468c29af248dce45ce03,.version,generic_apk_member,False,[],
META-INF/androidx.lifecycle_lifecycle-livedata-core.version,78,67,69aa4e06,474006d0cc8100f8dfc68d9269f233a347c29eb4a36d859c20a4953aa41d4dfc,.version,generic_apk_member,False,[],
META-INF/androidx.lifecycle_lifecycle-livedata.version,73,62,bccc8908,8fb16c24c98902ba99917588dbfd038df0d9bf8693c9256e2ba9952c78b44b33,.version,generic_apk_member,False,[],
META-INF/androidx.lifecycle_lifecycle-process.version,72,60,3ebe6b8f,ade1aef8b090839ec122c696be949dd1633ccbac22bcb1a0f895bacde74f66fd,.version,generic_apk_member,False,[],
META-INF/androidx.lifecycle_lifecycle-runtime-ktx.version,76,65,b848c263,d48640b14ad33aac1db0b35c5d14aa7947543b7c2829019a6360d0c01546a2eb,.version,generic_apk_member,False,[],
META-INF/androidx.lifecycle_lifecycle-runtime.version,72,61,5e88385f,4257cccbba3f7aea521a40937d1bfdd5949f5f3e1ed689c402a4f2977109030b,.version,generic_apk_member,False,[],
META-INF/androidx.lifecycle_lifecycle-service.version,72,61,bc2d6902,7f6fa137a5c28f6911408a6fa6d73cb1db86b1813ac4895bfec6029326b283f0,.version,generic_apk_member,False,[],
META-INF/androidx.lifecycle_lifecycle-viewmodel-ktx.version,78,67,f7586842,02f2e9cb451318a9c495a3d04fede9483a87475b03374e250c3ddf79a7c88bbf,.version,generic_apk_member,False,[],
META-INF/androidx.lifecycle_lifecycle-viewmodel-savedstate.version,85,74,ae4f0d23,421fc63528b574159fbab9883b3767b85c6f073415e4f58a166acd93706db90c,.version,generic_apk_member,False,[],
META-INF/androidx.lifecycle_lifecycle-viewmodel.version,74,63,c053ff27,405e9f0f83651ca097dac96b53a9d149a9b6f1c890d232e1f3e86bc03fcc62b1,.version,generic_apk_member,False,[],
META-INF/androidx.loader_loader.version,6,6,fd7ea868,59854984853104df5c353e2f681a15fc7924742f9a2e468c29af248dce45ce03,.version,generic_apk_member,False,[],
META-INF/androidx.localbroadcastmanager_localbroadcastmanager.version,6,6,fd7ea868,59854984853104df5c353e2f681a15fc7924742f9a2e468c29af248dce45ce03,.version,generic_apk_member,False,[],
META-INF/androidx.print_print.version,6,6,fd7ea868,59854984853104df5c353e2f681a15fc7924742f9a2e468c29af248dce45ce03,.version,generic_apk_member,False,[],
META-INF/androidx.privacysandbox.ads_ads-adservices-java.version,13,13,bc706e90,6a47710af8eced6a36ebb3e6382b132c0a90e2eff666e93fc9a5ceb8e00c1601,.version,generic_apk_member,False,[],
META-INF/androidx.privacysandbox.ads_ads-adservices.version,13,13,bc706e90,6a47710af8eced6a36ebb3e6382b132c0a90e2eff666e93fc9a5ceb8e00c1601,.version,generic_apk_member,False,[],
META-INF/androidx.profileinstaller_profileinstaller.version,6,6,efcb0786,64d23f858ef51b0f996e4966d4e27c0371b437e2d2787890b1f7ad22d4ec5663,.version,generic_apk_member,False,[],
META-INF/androidx.room_room-runtime.version,6,6,ac94e608,f56c797a25f16ade37ae22d56124b085d6bc58d05cc9f73d2075f474c170204b,.version,generic_apk_member,False,[],
META-INF/androidx.savedstate_savedstate-ktx.version,6,6,4e6c51a2,6cf4e084b47f33c9b02ef79279d157833868f8f70514169a768be353ee328fea,.version,generic_apk_member,False,[],
META-INF/androidx.savedstate_savedstate.version,6,6,4e6c51a2,6cf4e084b47f33c9b02ef79279d157833868f8f70514169a768be353ee328fea,.version,generic_apk_member,False,[],
META-INF/androidx.sqlite_sqlite-framework.version,6,6,c356bda3,c89b87c262e9d5ffd20e73aac74a1772adcc9f5a21682cc33adcf5086e5fef5c,.version,generic_apk_member,False,[],
META-INF/androidx.sqlite_sqlite.version,6,6,c356bda3,c89b87c262e9d5ffd20e73aac74a1772adcc9f5a21682cc33adcf5086e5fef5c,.version,generic_apk_member,False,[],
META-INF/androidx.startup_startup-runtime.version,6,6,5cd9fe4c,cc52f678848b814373757b460383bf61960e4943c203735adde0a350b3e50989,.version,generic_apk_member,False,[],
META-INF/androidx.tracing_tracing.version,6,6,fd7ea868,59854984853104df5c353e2f681a15fc7924742f9a2e468c29af248dce45ce03,.version,generic_apk_member,False,[],
META-INF/androidx.vectordrawable_vectordrawable-animated.version,6,6,45c2cf0d,1575e1af4a95f12f70b4ee6a6adce8160953d93ea17dc2611b90883ccc3ad3b8,.version,generic_apk_member,False,[],
META-INF/androidx.vectordrawable_vectordrawable.version,6,6,45c2cf0d,1575e1af4a95f12f70b4ee6a6adce8160953d93ea17dc2611b90883ccc3ad3b8,.version,generic_apk_member,False,[],
META-INF/androidx.versionedparcelable_versionedparcelable.version,6,6,5cd9fe4c,cc52f678848b814373757b460383bf61960e4943c203735adde0a350b3e50989,.version,generic_apk_member,False,[],
META-INF/androidx.viewpager_viewpager.version,6,6,fd7ea868,59854984853104df5c353e2f681a15fc7924742f9a2e468c29af248dce45ce03,.version,generic_apk_member,False,[],
META-INF/androidx.webkit_webkit.version,15,15,66d7263a,82c7bd30088689ab26cf02a22880893bc3a08967147b33bcc04626b9d42dd2d7,.version,generic_apk_member,False,[],
META-INF/androidx.work_work-runtime-ktx.version,6,6,e63de27f,362148d7721ad4a1bb64981ff8d604ef7f4d22267ea8845042f54f90940f24fd,.version,generic_apk_member,False,[],
META-INF/androidx.work_work-runtime.version,6,6,e63de27f,362148d7721ad4a1bb64981ff8d604ef7f4d22267ea8845042f54f90940f24fd,.version,generic_apk_member,False,[],
META-INF/com/android/build/gradle/app-metadata.properties,56,52,d1f06b7f,a4a8597228839fcb30b7efe810e814dd6699fab9453d8354d7991eca0620f138,.properties,generic_apk_member,False,[],
META-INF/com/unity3d/ads-mediation/adquality-sdk/verification.properties,148,136,9e34d3c7,3ec11d2b413ae188321e865d58fa86083c9c78eb2159e6d151a805bc65750bae,.properties,generic_apk_member,False,[],
META-INF/com/unity3d/ads-mediation/mediation-sdk/verification.properties,148,132,0290c73b,5baba25c3f77fa76972edb345b5711522061fd6f872370814c70e32b99d434ba,.properties,generic_apk_member,False,[],
META-INF/com.android.games.engine.build_fingerprint,68,68,dc7e05c3,48baaec65a8a239d7d8314be1f6fb849cdbe2f6226c1205cb179ef37360a7174,.build_fingerprint,generic_apk_member,False,[],
META-INF/kotlinx_coroutines_android.version,5,5,8f7d2509,179f9b723b6508aa1d6ce99991e8cd549ca819ee1b9b6102396c47815beffaaf,.version,generic_apk_member,False,[],
META-INF/kotlinx_coroutines_core.version,5,5,8f7d2509,179f9b723b6508aa1d6ce99991e8cd549ca819ee1b9b6102396c47815beffaaf,.version,generic_apk_member,False,[],
META-INF/kotlinx_coroutines_play_services.version,5,5,8f7d2509,179f9b723b6508aa1d6ce99991e8cd549ca819ee1b9b6102396c47815beffaaf,.version,generic_apk_member,False,[],
META-INF/services/io.grpc.LoadBalancerProvider,156,91,db0d0442,954e680c1e35ee2ca7a7feb44391ff96bfddb648f1065cc0a48fd6ded6d4e614,.loadbalancerprovider,generic_apk_member,False,[],
META-INF/services/io.grpc.ManagedChannelProvider,37,37,46e348ff,a0ebc6fb7d2b272d73d2b6eb8249b315016f58b8e1f5e10177c623993e117914,.managedchannelprovider,generic_apk_member,False,[],
META-INF/services/io.grpc.NameResolverProvider,41,41,84cd5200,8fb9f9062afa2d8efefb93b8c584d03bacfc3e40ce19291d1e1bd9c505011296,.nameresolverprovider,generic_apk_member,False,[],
META-INF/services/io.grpc.ServerProvider,36,36,884d62c5,64720088810a85d8e8017ad1c9c3979a5903d60eca13b1fc550ade020d23f0f2,.serverprovider,generic_apk_member,False,[],
META-INF/services/kotlinx.coroutines.CoroutineExceptionHandler,54,50,8f594b50,3129b8edf6db07de6f8ff47695e2177c8bba4eed2962d3085c719e5acbb58a33,.coroutineexceptionhandler,generic_apk_member,False,[],
META-INF/services/kotlinx.coroutines.internal.MainDispatcherFactory,52,49,4b95597f,a1ea77ea8f93f419256b6e66f29713f950d8d6e90442b608d880a48003b5eb72,.maindispatcherfactory,generic_apk_member,False,[],
assets/UnityServicesProjectConfiguration.json,1093,1093,e70e2b92,db3240378a263aa9698e94de8a055f2fa7e93a6b08681c27f6a255252f9b5582,.json,generic_apk_member,False,[],
assets/ad-viewer/omid-session-client-v1.js,68100,13253,0a380fa3,f15e5ce012c87bd32c15d71d2fd0b954b9b2fd9d5818d817b3820af3d93d5a35,.js,generic_apk_member,False,[],
assets/ad-viewer/omsdk-v1.js,43924,14548,c9cb8679,896cf905b2b562818da58e19e25b525083f18638f6b9b0d7c6aea411a9907585,.js,generic_apk_member,False,[],
assets/audience_network.dex,5017908,2369470,7dda0d2f,07fef7ea41d84ccf44ef2e2a6de8d23e3d3dd5920c87979a1d501a9cb6272496,.dex,dex_bytecode,False,[],
assets/bin/Data/Managed/Metadata/global-metadata.dat,9430316,2679430,3652df7b,a463d6da862e091365043898f90b6065af7f7c572a89a1712ff787c14d458f61,.dat,il2cpp_metadata,True,['il2cpp_metadata'],extracted_members\assets\bin\Data\Managed\Metadata\global-metadata.dat
assets/bin/Data/Managed/Resources/System.Data.dll-resources.dat,93718,7957,6622a023,98a7950ec6de3242c2e190dfa630188dfa32511a125542b94baa952d1c757d49,.dat,generic_apk_member,False,[],
assets/bin/Data/Managed/Resources/System.Drawing.dll-resources.dat,25453,9716,296392f1,7c33aa707bc3fdc83991b81a97d6fc622b140762a767300f08f616c2c0a91255,.dat,generic_apk_member,False,[],
assets/bin/Data/Managed/Resources/mscorlib.dll-resources.dat,337563,126076,d475b854,c5baa176a5b72cd545266340e42102d393a5e43d38c95796bc828918bb95277f,.dat,generic_apk_member,False,[],
assets/bin/Data/RuntimeInitializeOnLoads.json,4331,4331,ca83902f,10ef0bef702e01ba4b1bd289a0442b6a7e2435b7ae4ba08728d80ed168de38fb,.json,generic_apk_member,False,[],
assets/bin/Data/ScriptingAssemblies.json,4390,4390,f0b9255e,92e3c080c1819ea14fcacd1d1236d6510fbe94898624651d21d876727a866ab0,.json,generic_apk_member,False,[],
assets/bin/Data/boot.config,127,108,71caa252,aa76216ba65471d9506c660af802e146f4631faf235f60368bfe4d3553733646,.config,generic_apk_member,False,[],
assets/bin/Data/data.unity3d,50510298,50510298,0df4cbee,b6710eda5f69bc777642a258dfef10f50037f102f9a0feba6e6f8c5695dbffb8,.unity3d,generic_apk_member,False,[],
assets/bin/Data/resources.resource,92352,92352,15b0e327,192275132733aa7e0e0629894aaf04de731f019a8a987739d34010973e31bdc2,.resource,generic_apk_member,False,[],
assets/bin/Data/sharedassets0.resource,17609696,17609696,9893e2fb,b8e6ddde5576e63003bfd60fc51125bd4b22a1e7a3aeefcb9df5e761e4bb1f03,.resource,generic_apk_member,False,[],
assets/bin/Data/unity default resources,4222168,420327,881d12d4,05f10fe5e4ad3045d922265640ee1fcf7bf4bbf509c26b4d394eff7ec07690a1,,generic_apk_member,False,[],
assets/bin/Data/unity_app_guid,36,36,9257849f,2f01b33672201ff6a4aa25e62ec2432ef14b7f95d81cef07f7a87de269a9604b,,generic_apk_member,False,[],
assets/com/appsflyer/internal/28445207a6f5af97c-,6617,6617,f867f4a3,a02a699224c60c5c804f3dfca14a49663b65fd478611ae729ddb0d4435ac5e21,,generic_apk_member,False,[],
assets/com/appsflyer/internal/2b7867f15e66c02ea-,7308,7308,6805b31c,8440cdb2c31f3e51c9304c9b3efed0dd894a5687697fafeba551b244da08b738,,generic_apk_member,False,[],
assets/com/appsflyer/internal/d1bb394ba89138f2d-,3497,3497,c00c8c8c,90a9289de505a66adea30ce849c520299e74118967524ea1ca11acb5beae9c40,,generic_apk_member,False,[],
assets/com/appsflyer/internal/eebc3677933725bab-,13460,13460,b05cbbed,f82aea6050f3eeb7683922ad5eeb8d5fdc2f7acca5206f396be38f7d95adad07,,generic_apk_member,False,[],
assets/dexopt/baseline.prof,807,807,d7fad110,77a63bfb055ad551fd8100460681119a24541e4e11083307f042e6f1c70150e4,.prof,generic_apk_member,False,[],
assets/dexopt/baseline.profm,116,116,5a1b64f0,b6bb99fef66e6cc497ba17a9226631ddd6219ec967d232c6e0f10159f30d18d7,.profm,generic_apk_member,False,[],
assets/google-services-desktop.json,1436,1436,4436c3a0,fdccdc4ad1c2c1dcb477ac225a4e2630adc934712f6e38e7b0719e054a55207b,.json,generic_apk_member,False,[],
billing.properties,50,37,933d036a,1050ec98fa0f0ba377aae94f404977be71dfb199ea8cf9dc472954f1408a0ff7,.properties,generic_apk_member,False,[],
classes.dex,9370372,3732882,5b2aa0fa,e5f916c249d060fa4818a43c766210efff73980c5e737cdc84a7eeb695e4338f,.dex,dex_bytecode,False,[],
classes2.dex,8130680,3189842,6e257417,995046b6fd25ebc019849730f3a411a004f2e7217bb911ee589f8d95979dc56b,.dex,dex_bytecode,False,[],
classes3.dex,6985328,2583753,519a1893,ca620f5aa442288ff8cca531cfb4f8c798a705c07ea4af36547567a9e4196813,.dex,dex_bytecode,False,[],
classes4.dex,9789860,3576196,76c570a5,567bbd92b224f008c8990a81bd25d35b5f3419bb9ba61992581dbacad5013576,.dex,dex_bytecode,False,[],
classes5.dex,1626076,621536,fa5aba07,3dc6da36ec3df87b5c7dee56ef461f871f1e5aae0628a87e565a8e7ed9068fae,.dex,dex_bytecode,False,[],
com/applovin/shadow/okhttp3/internal/publicsuffix/NOTICE,218,149,df32c7fc,8a9c58fbded5ea3474315e4a9824ca8b1486098a1a03e897e0b19419d5e1876a,,generic_apk_member,False,[],
com/applovin/shadow/okhttp3/internal/publicsuffix/publicsuffixes.gz,41394,41394,f59fa4f6,9af43e9995ec749e7a30eec4e5a87770d7e2027847084a07cca82060eff0c791,.gz,generic_apk_member,False,[],
core-common.properties,58,41,605c07a9,6d58995a11971b3d82341b531e86a303aaa4dfebc8b9cd496998a858198dd97a,.properties,generic_apk_member,False,[],
firebase-analytics.properties,74,50,73cda777,7a9dac015458fa865c26c1bcae08df8c5059c5421538a640f7c307d47a27e4ec,.properties,generic_apk_member,False,[],
firebase-annotations.properties,78,51,c1d3dcf2,0a9af694f0a979e09e33be21c6428cceb2260d0c85a75cd374ba9fb997383de3,.properties,generic_apk_member,False,[],
firebase-auth-interop.properties,80,51,0fc6f06a,02ce86b719b1098ce451036c84f2652fa3682659957735186fca0d9f16ba30a2,.properties,generic_apk_member,False,[],
firebase-auth.properties,64,45,7c8c8129,3493b3ad31a85690ac204ae160424c5563d21768e366f3355333d3131a45319b,.properties,generic_apk_member,False,[],
firebase-database-collection.properties,94,56,eb49922a,0c475d57e09aa22891670e6a82034a21e416d9c1e503b9c6e4cbf2cb6bff0e7f,.properties,generic_apk_member,False,[],
firebase-encoders-proto.properties,84,54,a1d9b8c9,eba792be6ea03f3b6d68eccfd25f3f53a0767657ec12b1b90996b5d5b34a9688,.properties,generic_apk_member,False,[],
firebase-encoders.properties,72,48,7df25dbd,527438e526e7befb6c04dc394f4e36824a11019c7d6d687c2772a435d22c0e9f,.properties,generic_apk_member,False,[],
firebase-iid-interop.properties,78,52,2533bf8b,a2862ae5811a268630807c645d5dadc1f15e85b922a2ab0408e984ea5548e102,.properties,generic_apk_member,False,[],
firebase-iid.properties,62,44,67c79057,8334ddfaa5cb901550628606fe25e80d6a408cc8efecdf0fadcec94b61c8ea38,.properties,generic_apk_member,False,[],
firebase-measurement-connector.properties,98,61,59c9abbf,ca7d9dd559c3cf48a087b9d4fc5b7c6eded0c99892297b59758093459d98463a,.properties,generic_apk_member,False,[],
google/apphosting/datastore/testing/datastore_test_trace.proto,6693,2295,54e7a791,ea810e2bb12e320a6d5544f29bece34afc45999dc3ebf638533d06e6668af823,.proto,generic_apk_member,False,[],
google/firebase/firestore/proto/bundle.proto,3775,1521,4970c5cf,04e86bbcd0be337d6d39ba15852b2ddbc00eba97b64c64edc51dbd2ae3c62fb5,.proto,generic_apk_member,False,[],
google/firebase/firestore/proto/maybe_document.proto,2443,1022,72c0836e,3be7e96ac8f59bf516182a77a970002ce6945e4bf78c39a2cde52aa1cb2da836,.proto,generic_apk_member,False,[],
google/firebase/firestore/proto/mutation.proto,2864,1326,635c8f81,0601476e89c4beac72e2dfca24f4d911a8d6c1378dd7dda083dc0e46d28fde58,.proto,generic_apk_member,False,[],
google/firebase/firestore/proto/target.proto,4772,1943,64f725d2,37796181ad768fe5241879719ff16179bb80b60759de9a0b97156c8438af3721,.proto,generic_apk_member,False,[],
google/firestore/admin/index.proto,6063,2209,3a05ead0,ae20c9277195bb1ab8cd5d23f4939f78c275aeb87e19cb63e9e9b66acd6a8c37,.proto,generic_apk_member,False,[],
google/firestore/v1/aggregation_result.proto,1745,876,fe3c9d5a,26bbb0808af0a7810ffa1c8061e76ef3c8606bd403f9b30e066ec60361b970be,.proto,generic_apk_member,False,[],
google/firestore/v1/bloom_filter.proto,3028,1359,b1a3b426,45af2ee53295dc4a8c0a229cf056a68483f86ece44df8863d6beec907bbc7914,.proto,generic_apk_member,False,[],
google/firestore/v1/common.proto,3257,1371,63c7456c,77c19e85b00e180995d9d9742d14da91707241411c437a8a24cc65fd746abf51,.proto,generic_apk_member,False,[],
google/firestore/v1/document.proto,5234,1977,caaf134c,062c465c669759ad3b1927aebf6809e90e18b31b9fb6dd0d1f96131779744cd8,.proto,generic_apk_member,False,[],
google/firestore/v1/firestore.proto,34638,7380,1cac428a,9df380e57c2be5cf0480e7bad2750f422b392dbe96f366e6c767e1c726bfc2a8,.proto,generic_apk_member,False,[],
google/firestore/v1/query.proto,15832,4591,4027d083,b47fac03396d19af127ab47b1dc088388d6dc821dfa1627f4fa6d6b2bd6de2e1,.proto,generic_apk_member,False,[],
google/firestore/v1/write.proto,12119,3579,99b6cef5,c056adff4d79a4a4c57093bdf6ef9cc71a031a39ca4583a7a698a6d9c3f1affc,.proto,generic_apk_member,False,[],
google/protobuf/any.proto,6154,2621,6b989f3d,bcf5de6ce463b1a38ff76b77955aa7e580b4ec12af34a927b1d45c9efb0faf66,.proto,generic_apk_member,False,[],
google/protobuf/api.proto,7728,2914,13a84c7a,e1745f7d6e9953f624b027b37da29ffc6521c45bce9aa96f39666748879fc915,.proto,generic_apk_member,False,[],
google/protobuf/duration.proto,4892,2058,9b07dda3,a3f7301ff2956ec2e30c2241ece07197e4a86c752348d5607224819d4921c9fe,.proto,generic_apk_member,False,[],
google/protobuf/empty.proto,2363,1206,219bbbf3,ecef3d54cc9e079673b9816c67bac770f7f3bf6dada2d4596ba69d71daa971e6,.proto,generic_apk_member,False,[],
google/protobuf/field_mask.proto,8185,3123,55287755,17b0f342cc3a262e317d56884f3f575afbfac512ad0579349cc7450e41f26891,.proto,generic_apk_member,False,[],
google/protobuf/source_context.proto,2341,1194,3f44a029,37d3401de89af1d1496fc949924a5f2011bd2fadfbeb0da1caa277159a96776d,.proto,generic_apk_member,False,[],
google/protobuf/struct.proto,3778,1670,e3408016,1bf07ba8b9a24e3a0390dddac3ad0db41c63287d252788b02398220b9abc900f,.proto,generic_apk_member,False,[],
google/protobuf/timestamp.proto,6449,2821,4bb1d7eb,14052c6042c1dd2d0b50245f2812eaab6eaf82db0b6e8ce483eae527f73b6ee8,.proto,generic_apk_member,False,[],
google/protobuf/type.proto,6367,2377,263ede1f,e230e0e4aeb87c95e9f1c6acbfc0c713db3f88094f149b154717a51d020f750b,.proto,generic_apk_member,False,[],
google/protobuf/wrappers.proto,4044,1546,0ab28aa0,a26c1d6ec73a592ac31796289a61ceffe2db2453ff427dfdd7697aac50844280,.proto,generic_apk_member,False,[],
googleid.properties,52,38,18d81672,00878ddcdd49cdd9f37b7dd5c0acd1a0f62705e3b2c2c4046042bd9fb6bd7964,.properties,generic_apk_member,False,[],
integrity.properties,54,39,09526ed6,4288c259a7390b19d95cd67e82dbbdfe6aa5eafc4ef40d87f6fb96022d71a7ce,.properties,generic_apk_member,False,[],
kotlin/annotation/annotation.kotlin_builtins,926,559,d36c8b5b,f7c93e7067ca12ba9b3d94c6e540e4c23cb6fdd8c9aff704b553caba650fc357,.kotlin_builtins,generic_apk_member,False,[],
kotlin/collections/collections.kotlin_builtins,3685,1521,f41c30cf,539b85c2403f6ef0638161ad99df7b11256412e9411335ed2ea3931a3efd7c76,.kotlin_builtins,generic_apk_member,False,[],
kotlin/coroutines/coroutines.kotlin_builtins,200,157,c69fe143,59a6d632b8a9f5dba26f2a689c3865e195351df7c3c08aa1669fe0df9f9eb883,.kotlin_builtins,generic_apk_member,False,[],
kotlin/internal/internal.kotlin_builtins,646,394,d8d2330d,c76b70a3db1eccbe42ea91a53667d7661edfc615409d3d6e574b5843b1e2a05e,.kotlin_builtins,generic_apk_member,False,[],
kotlin/kotlin.kotlin_builtins,17783,5004,f8dceab9,0633ac9c37e96556927bd7224a5d31c098e13b1416e48290d50bd502aed62d3b,.kotlin_builtins,generic_apk_member,False,[],
kotlin/ranges/ranges.kotlin_builtins,3305,1264,7f91df9f,b59c1b5a9a491df799eee202ad919376009bd4f822d7e9fcf79c20b350503852,.kotlin_builtins,generic_apk_member,False,[],
kotlin/reflect/reflect.kotlin_builtins,2395,1265,13816860,f0021ca61426250d6b17e76dd5f732c5908cf67dcaf33b0429a3ead7b1894386,.kotlin_builtins,generic_apk_member,False,[],
okhttp3/internal/publicsuffix/publicsuffixes.gz,34000,34000,5fccc77e,be8da686d208b34e4b3f0bf90aa2e0b7638295641132c3f0caa81b03499032ff,.gz,generic_apk_member,False,[],
play-services-ads-api.properties,80,51,6dce9f58,15d7b35da95b7652cf59824bac5d4336989005c6492686dadc06115371b0a354,.properties,generic_apk_member,False,[],
play-services-ads-identifier.properties,94,59,5a33a9d1,f3c4b9cce6375d8b1b275d4b6066777db4bad465962a7eca86fc1d695cbcb2f7,.properties,generic_apk_member,False,[],
play-services-ads.properties,72,49,f424da78,2d8600300eff24da485563101cd25d6d08f5bc02a20a161d0c6c5b59d855fb86,.properties,generic_apk_member,False,[],
play-services-appset.properties,78,52,823a046a,195c8fe12d8026f36f2baecebd8fe1722b0a85fdedd5bb59c9352f2ee18eaa8d,.properties,generic_apk_member,False,[],
play-services-auth-api-phone.properties,94,60,9db14c79,45679326fd37bb011f63d3be3c0f5b96fd50c5d29bf35508cd85d9990c6fbc3b,.properties,generic_apk_member,False,[],
play-services-auth-base.properties,84,55,74b37756,7ca37c278a9f009777f427d41bd417cf5df2dfc7ca940365b1d46cd94a687361,.properties,generic_apk_member,False,[],
play-services-auth.properties,74,50,58799379,b2b6c9e57f5049342f21c475c314a399c56e43a3d97ea10328e20be8f4c29bfc,.properties,generic_apk_member,False,[],
play-services-base.properties,74,50,b7109ceb,8d3f6754abfac37a2cd34b08b4c528baa8754ec9ff59878ef3d4ac6b01f4d58f,.properties,generic_apk_member,False,[],
play-services-basement.properties,82,53,a3b859e8,9e759f8839f3f9c2b1218079733893928673853188ba4be901d2cf92ca486c18,.properties,generic_apk_member,False,[],
play-services-cloud-messaging.properties,96,61,ef78724e,e56cc14b420d5f3078e1fbe9c5e47d1d73272eda8b68ca97dd2e17491f00b517,.properties,generic_apk_member,False,[],
play-services-cronet.properties,78,52,f5b951ab,b9a56ed44fbcff953fbe59e6cf18acd1a17f4b7dcfc5556e91d2c31d5b400d7a,.properties,generic_apk_member,False,[],
play-services-drive.properties,76,51,0a6b9fbb,ddd035f6afd4e58ef0f51e9f85bc136bd9f70934a49e9b9ba2895c6518286593,.properties,generic_apk_member,False,[],
play-services-fido.properties,74,50,f39d2eca,7958e7c6ac99edbe94fe0e482596d481b3b5bdf60d23344f487c25dc4ce6ea2f,.properties,generic_apk_member,False,[],
play-services-games.properties,76,51,bf6f21b0,3de8b8ce296a390eecc62ced705b86c83f0b55402229f58b4e72f27d07b2d649,.properties,generic_apk_member,False,[],
play-services-location.properties,82,53,ab97afb9,8104769b08dd94c4d3cce0f981bc29ae9c5fcba6f7de68c4724281e872bee84a,.properties,generic_apk_member,False,[],
play-services-measurement-api.properties,96,60,189f47b1,8eb8381de549b837cd1aeb676bd22a69ec4b1ccbf5b57776782c65796708b08d,.properties,generic_apk_member,False,[],
play-services-measurement-base.properties,98,61,145d6eba,6b6c89a5a60561458e8794af38ed524d803f2c801a3f25e6e95bd03f68c8cf5f,.properties,generic_apk_member,False,[],
play-services-measurement-impl.properties,98,61,a2ab9da0,e6ef7fa95819c8d70900f8656ba930383147a29176d9051167cac09f97de0d88,.properties,generic_apk_member,False,[],
play-services-measurement-sdk-api.properties,104,64,5ee6a367,beb5baf54b1acafe5b6cd49fdc43854288fa81602bb7a5eefca8145a1dc979f3,.properties,generic_apk_member,False,[],
play-services-measurement-sdk.properties,96,60,66ad46e7,eb9c8145a652e70beb95349a37dd221a84d1cf586624cdc0b7a4f67b6439ef6c,.properties,generic_apk_member,False,[],
play-services-measurement.properties,88,56,f1de7f26,78e77ac3a25cd923267fc7549b56d858146df7ee3221de71437aa98c434d73ee,.properties,generic_apk_member,False,[],
play-services-nearby.properties,78,52,6458f584,1dfb8926daa80367d3bea387de95560f615f26c4aab52f132e40ac39a88cb309,.properties,generic_apk_member,False,[],
play-services-places-placereport.properties,102,56,6fe58122,dcb990b67e7beba71fbf0c58a98c9d51051c80215537fe8add33cd8cb2381a1e,.properties,generic_apk_member,False,[],
play-services-stats.properties,76,51,4452cfc2,6b751c654deb3ac65a878025d2ff2b89fabfa0ebe00ac4152ad3f7a361aed107,.properties,generic_apk_member,False,[],
play-services-tasks.properties,76,51,5cf3438e,e82b1e7f5fbe3788895488f92aee879f1c431fc100fc7f337d429f213971dd88,.properties,generic_apk_member,False,[],
protolite-well-known-types.properties,90,58,eac8bc81,7f80ccebc064d6c8da12f6280b3913d1777077449ba705e58de6c4a523758e72,.properties,generic_apk_member,False,[],
recaptcha.properties,56,40,3d21ad71,91e0af7da44b1e406220ec7a6cd789605645d6b442293b6bdbeedd14b834fd66,.properties,generic_apk_member,False,[],
res/anim/abc_fade_in.xml,388,216,6270df64,3067b94eebe8ac9e3a45599822f99d807d712f424494e9fc9cdd28cfb6bdae6a,.xml,generic_apk_member,False,[],
res/anim/abc_fade_out.xml,388,218,748bb31c,bbb0848d98a57a7d05ccddd0311383eef9842d3b1a8c361c429fa060de6f05b2,.xml,generic_apk_member,False,[],
res/anim/abc_grow_fade_in_from_bottom.xml,852,376,2cc7d6b3,ceb9157864e5cc562a21f1e4663139240d73289fc51a30c996a8c2ee8e89ec5d,.xml,generic_apk_member,False,[],
res/anim/abc_popup_enter.xml,508,258,3af6aa5e,9aded97f71c7ea36f869e372ba447ea87eaa6137a79320d2b739fdb431e83dd1,.xml,generic_apk_member,False,[],
res/anim/abc_popup_exit.xml,508,259,d1793cef,d76cc885f63283e9f0e1d0835fc4ef3bc39db5a83f5df681133f701c2d360aa7,.xml,generic_apk_member,False,[],
res/anim/abc_shrink_fade_out_from_bottom.xml,852,377,c0c0a22d,d630e86116cf5f5ae6838ef7736238c49168703d8f36499c14ab505e2d69426f,.xml,generic_apk_member,False,[],
res/anim/abc_slide_in_bottom.xml,396,228,cc6ffadf,486ad705ae37ff41dfabc952fe5f288e5c7bad1d8ddccd37ab09f26d355415a1,.xml,generic_apk_member,False,[],
res/anim/abc_slide_in_top.xml,396,229,fef136ce,d60b273289d358f2b3eea13fa097b1cf2198eb37517f7dc9c312ed3e2b465256,.xml,generic_apk_member,False,[],
res/anim/abc_slide_out_bottom.xml,396,227,eeb0006b,e0259df82b318cd7d095daae2cb3d4ee6565adefd6def8c11675649f63717ee5,.xml,generic_apk_member,False,[],
res/anim/abc_slide_out_top.xml,396,228,f068f605,0a61ab9fb3d5a2256eb81bd9e63340da925695b00ed53030abfb31d35bd384df,.xml,generic_apk_member,False,[],
res/anim/abc_tooltip_enter.xml,388,218,29aea886,6deb771785bf80219ebdb0b5a9c4dd5586516573f1a232f8bed4723d7b83665b,.xml,generic_apk_member,False,[],
res/anim/abc_tooltip_exit.xml,388,217,0eadf4c1,40cbdbd6f6028f38ab644a86b94986b272666ebea95fdac72cf8565d91546a9e,.xml,generic_apk_member,False,[],
res/anim/applovin_slide_down_animation.xml,464,242,86e858e4,3c28995c72eecdbe2efebf365569c2e40d07949b9005647694b200b6f24e3caa,.xml,generic_apk_member,False,[],
res/anim/applovin_slide_up_animation.xml,464,241,1cd49ed5,1ebe980ee33ede0db9187eac289b15a3b76a4ff44a21a633ddb3fbfafe4be7fc,.xml,generic_apk_member,False,[],
res/anim/btn_checkbox_to_checked_box_inner_merged_animation.xml,2124,641,f73d23ce,3560c5c09907859e6570eea27bcbc7f557bd89ffbd16af45f6913cc046c628d1,.xml,generic_apk_member,False,[],
res/anim/btn_checkbox_to_checked_box_outer_merged_animation.xml,2780,742,911b2e6a,738f20a3f83d5a90f5a6a49e916657e65b5bb857d7260bfe4a9a5d0f3e627581,.xml,generic_apk_member,False,[],
res/anim/btn_checkbox_to_checked_icon_null_animation.xml,1196,397,bb02f0bf,8d1b064a38d86fcda815d43ad0c06e4246f88c5caf7fb558a13ae8541cda4a8c,.xml,generic_apk_member,False,[],
res/anim/btn_checkbox_to_unchecked_box_inner_merged_animation.xml,2360,660,49b8c223,8ee615100fbfba2fd08cd11c001d462a02afe6c72a634123295f889f7287eead,.xml,generic_apk_member,False,[],
res/anim/btn_checkbox_to_unchecked_check_path_merged_animation.xml,2520,731,38fab829,83639378694206ce50e5fc5facef63c6b64321a1231b1f1bd26d8e76d73f6e43,.xml,generic_apk_member,False,[],
res/anim/btn_checkbox_to_unchecked_icon_null_animation.xml,1196,397,f0bf9426,87675b479e31720a2d7275f1357c87a5d66b45b96daf023b64bd9e127853bbb2,.xml,generic_apk_member,False,[],
res/anim/btn_radio_to_off_mtrl_dot_group_animation.xml,1656,430,2a14ef47,93535bfe6190f38074bec6196b7134e71e0146fc1014467d2e0989c9fa74c67b,.xml,generic_apk_member,False,[],
res/anim/btn_radio_to_off_mtrl_ring_outer_animation.xml,1656,433,49fc1a50,6c042115787e059ad23c3a94afa2a48a21915c9cbc038766d18058b01473365f,.xml,generic_apk_member,False,[],
res/anim/btn_radio_to_off_mtrl_ring_outer_path_animation.xml,1028,373,a216d082,0463f7a8f3000c1af89aa522a6ceb7fc189762c8a1d4bc6f6af816eedcf7d9d9,.xml,generic_apk_member,False,[],
res/anim/btn_radio_to_on_mtrl_dot_group_animation.xml,1656,421,a0757101,188414b8a6377367745ddadc7bc2326b376d3312a9ae18eb2679e4c456dff5f6,.xml,generic_apk_member,False,[],
res/anim/btn_radio_to_on_mtrl_ring_outer_animation.xml,1656,428,ca3cee58,16feaf7a29851dbc193a814ed30a92ed8ee2d0ed6cbff3a87a5bf9627d072a7a,.xml,generic_apk_member,False,[],
res/anim/btn_radio_to_on_mtrl_ring_outer_path_animation.xml,1028,380,4abe55c6,cefd4ee781e1467cfd10819e5463ae9408d9f1614b6da7607d7a263c2df0fecf,.xml,generic_apk_member,False,[],
res/color/abc_background_cache_hint_selector_material_dark.xml,468,230,065681c3,157a79fc69cc99d0c8e0b5abb83675136dbd12fd1b38a98ed542aa17cad19b7d,.xml,generic_apk_member,False,[],
res/color/abc_background_cache_hint_selector_material_light.xml,468,230,e87a5124,9a32bc7b6dc9fe51010152b4bfcecc3aaf328632f7788391a85a72e2e1383d41,.xml,generic_apk_member,False,[],
res/color/abc_hint_foreground_material_dark.xml,564,262,68e7f1b5,4878570ff35f03b904cf48b1c70baea114aef4424db18711fb5902ca2a6cd71c,.xml,generic_apk_member,False,[],
res/color/abc_hint_foreground_material_light.xml,564,262,8a26bfa8,c1ab6eae138b7b8b8a2460e4b45771d97c3902d81741a2bdbaf9c905c59e4fa6,.xml,generic_apk_member,False,[],
res/color/abc_primary_text_disable_only_material_dark.xml,464,229,3328e565,f44f833978edd555bea7b96ee800182eac5525f788299a73135961ead1c7003f,.xml,generic_apk_member,False,[],
res/color/abc_primary_text_disable_only_material_light.xml,464,229,dc25bc36,9ea794fb12e8c7fb3025ca6c91841c3d3b03443b5f67fce0117572c3a4519104,.xml,generic_apk_member,False,[],
res/color/abc_primary_text_material_dark.xml,464,229,c81e89cf,c9cff730fbbb55505e23189f5a4919d9a25866c0d57b0eb99cf5d4025c2f220a,.xml,generic_apk_member,False,[],
res/color/abc_primary_text_material_light.xml,464,229,5b01f6b5,5ad4b519534f45d0895227c75611e7cde57155c185d52af198e89649307e74d8,.xml,generic_apk_member,False,[],
res/color/abc_search_url_text.xml,588,250,db149042,1e4171edfe1875ea4887fcbb8d04c78b72de421b3367df8f715e4941ba5f1b94,.xml,generic_apk_member,False,[],
res/color/abc_secondary_text_material_dark.xml,464,228,c5c24d1c,ac87ad8d4fdb410e55cbd6af793a0af6e1bd0436983f1e20d1285422ae0882ea,.xml,generic_apk_member,False,[],
res/color/abc_secondary_text_material_light.xml,464,228,56dd3266,d3d99753f6f1ff9e7ae6ef4dd2d533458714f31d9d8b04d346cfa39fec22bd62,.xml,generic_apk_member,False,[],
res/color/common_google_signin_btn_text_dark.xml,712,279,892e3d72,59a4b95b429c6a23f5b31be6ac24361c3c065878f1e70ee7c20c1735c920ff40,.xml,generic_apk_member,False,[],
res/color/common_google_signin_btn_text_light.xml,712,281,4c13174e,ce4f48ff66c898ebaf1492be3c9f7d0e3b145664b529177732a47c0a4f7ad448,.xml,generic_apk_member,False,[],
res/color/common_google_signin_btn_tint.xml,464,229,44356c3d,c230db3d543d322c35c60b744c12b0aa7526f1ccfffbb570caee6f47c99f9626,.xml,generic_apk_member,False,[],
res/color/switch_thumb_material_dark.xml,464,229,233d74f2,af04bdebe76f6e044b4b83719a18396b02f9313b560b9ffa8cb5c4ba7e1889e1,.xml,generic_apk_member,False,[],
res/color/switch_thumb_material_light.xml,464,229,b0220b88,237f99e4f552e49d8446598f590c5cc8f25df2dd2b03e7168af4a68749cfcf5a,.xml,generic_apk_member,False,[],
res/color-v23/abc_btn_colored_borderless_text_material.xml,500,242,e1a233bd,a22a8154fa6d4623d8ca9ad398f50a67492997113ed37e8cd0129e02309fb756,.xml,generic_apk_member,False,[],
res/color-v23/abc_btn_colored_text_material.xml,500,242,7853d352,35f8dd73e67887c32be74aae11f9a67d779b33f72ea61312d4c439b8f73d5ca3,.xml,generic_apk_member,False,[],
res/color-v23/abc_color_highlight_material.xml,544,258,0f75714f,c1ac6585d8c4fc9c5e69e5952d726b2aa94969c27bd4b9280abec1e775573ad4,.xml,generic_apk_member,False,[],
res/color-v23/abc_tint_btn_checkable.xml,624,274,da9a7478,edcb3c0c92d7dfbc93dd4b2953d786996079e929a76a8f39a43555797b107726,.xml,generic_apk_member,False,[],
res/color-v23/abc_tint_default.xml,1120,370,f6512637,4a5af2d3474501bb6c0a3fcf65c216153a2a0e05631dd3338176bd1f28e1a111,.xml,generic_apk_member,False,[],
res/color-v23/abc_tint_edittext.xml,668,283,1b96ee7d,114e590266379022d2c3474daf1f408f7b30b27107569259b4a3ace45c8e125a,.xml,generic_apk_member,False,[],
res/color-v23/abc_tint_seek_thumb.xml,500,241,4494ec71,9127f32649b769301837d69e7c301c65b7a1cbffa23581218bf34f62d8d2d785,.xml,generic_apk_member,False,[],
res/color-v23/abc_tint_spinner.xml,668,283,1b96ee7d,114e590266379022d2c3474daf1f408f7b30b27107569259b4a3ace45c8e125a,.xml,generic_apk_member,False,[],
res/color-v23/abc_tint_switch_track.xml,664,282,c60ba37f,6f6045af50fdffd0ca67379003d193fb566bb1598b07afa55e036d44d29df87f,.xml,generic_apk_member,False,[],
res/drawable/$applovin_ic_mute_to_unmute__0.xml,1904,790,cd89609c,27cc9d28b21ab36da41d6848db9c2ced7d630f3d9574389615862d7b27d9b767,.xml,generic_apk_member,False,[],
res/drawable/$applovin_ic_mute_to_unmute__1.xml,684,356,88a2f9ee,b1a091f2c6782bac36066f0f8862e5c75d026d9bc65d24c755ce735097668e5a,.xml,generic_apk_member,False,[],
res/drawable/$applovin_ic_mute_to_unmute__2.xml,768,381,ff89f4c7,532fc93352fd7505a396ef2c69664042f5d29d3c6be55b334cc7177c889bc753,.xml,generic_apk_member,False,[],
res/drawable/$applovin_ic_mute_to_unmute__3.xml,736,366,a97a4d9f,ecdaf0924f9a178dd7da7a92f59c8524da09147de527f8e664fd4534fd99c434,.xml,generic_apk_member,False,[],
res/drawable/$applovin_ic_mute_to_unmute__4.xml,748,367,c8119c53,8dbb45decc6def4dcaf1b6174d6d07612482dc2c2b8d192db75e4966f25a2b19,.xml,generic_apk_member,False,[],
res/drawable/$applovin_ic_unmute_to_mute__0.xml,1856,762,c8e5656d,15a69a62909c85d98ce8dbd2f61f8401010eb50a36a69674c1dc44dc16557d6f,.xml,generic_apk_member,False,[],
res/drawable/$applovin_ic_unmute_to_mute__1.xml,684,356,e4ca41d4,7a7929be1a46d1f44d96fb89b4e843b725a53d42d0b23a7fbd4f4eb4f190fd09,.xml,generic_apk_member,False,[],
res/drawable/$applovin_ic_unmute_to_mute__2.xml,768,382,93e14cfd,b9ef2fd03c49692eff474b21f32c311f429b107e1655a57ccfd5f8a8c4f80e74,.xml,generic_apk_member,False,[],
res/drawable/$applovin_ic_unmute_to_mute__3.xml,736,366,c512f5a5,2bc2aa3e10bc67cac241608112bf04ee2ba1c01491df6ae12bf29e56d71fe580,.xml,generic_apk_member,False,[],
res/drawable/$applovin_ic_unmute_to_mute__4.xml,748,366,a4792469,4951993d3c04e8a76516d0c0f7436c47597bc04a9b961ea052c758ff631a79b1,.xml,generic_apk_member,False,[],
res/drawable/abc_btn_borderless_material.xml,588,253,2e4aa6a2,4140b853cdedc23bf79ed2f6a780313c0f9785970649313a833845cd5cc07574,.xml,generic_apk_member,False,[],
res/drawable/abc_btn_check_material.xml,464,230,1b26948c,e79944a823e97246c9bbcbc420544593ed55799e4b1919bec779f1a5dd86ec5b,.xml,generic_apk_member,False,[],
res/drawable/abc_btn_check_material_anim.xml,816,343,e5d4f583,c943f8944c891ccb37453213eff8e359c3e5776b0cb2dce5d47c38882fc16a7f,.xml,generic_apk_member,False,[],
res/drawable/abc_btn_default_mtrl_shape.xml,932,394,fee0b6ea,1d01514fa0d0288a479df7de733e970e0e0debdc997e8d4670fcf474219553a0,.xml,generic_apk_member,False,[],
res/drawable/abc_btn_radio_material.xml,464,230,581ed022,357638b4bb9837a0b624c759a1fd00aaaec8268c813df5bedba3f4282a59654e,.xml,generic_apk_member,False,[],
res/drawable/abc_btn_radio_material_anim.xml,816,339,70ba3606,a3f5d4405a6823709153dfa941c13fe63e4229c47f09cda97ea27c838daec43e,.xml,generic_apk_member,False,[],
res/drawable/abc_cab_background_internal_bg.xml,372,185,d6ab29f3,cb486473bc0f7d6c90dea564fd61bb612496371b6b0bcab82b95a10cf70db41e,.xml,generic_apk_member,False,[],
res/drawable/abc_cab_background_top_material.xml,336,174,a5e03008,1d6d789501f02c91bc839ae4397789fa88b2570d6a3250ac48ce3d7b6669b5eb,.xml,generic_apk_member,False,[],
res/drawable/abc_ic_ab_back_material.xml,692,381,2d73ee91,12d580c454b192605e9441e66ffde44efa3e476d0a7123132e40f484cfa57293,.xml,generic_apk_member,False,[],
res/drawable/abc_ic_arrow_drop_right_black_24dp.xml,1000,492,735a83e5,578fa81343c3abbba275cc2316563b262794bbd75b6ab8a74869c0f1a673651c,.xml,generic_apk_member,False,[],
res/drawable/abc_ic_clear_material.xml,684,360,09ff1ebd,13689972a4ee41269f6f5c6c5806a906f5a5df0442a696643a51c1844e64f1da,.xml,generic_apk_member,False,[],
res/drawable/abc_ic_go_search_api_material.xml,640,339,6c453def,58796d24b0bc556dd22b9c42df3b6a1ced902314c541e09558ef440ad7ff3486,.xml,generic_apk_member,False,[],
res/drawable/abc_ic_menu_overflow_material.xml,792,389,5139b400,2c403ab3a5201a3e9808b288d8b523baf3eaaf29d29606b45c26d96434ad9df9,.xml,generic_apk_member,False,[],
res/drawable/abc_ic_search_api_material.xml,812,452,3ab9e152,8b1703d851d02188787c92ccb2930d7ad0fbaa1c68161b260c1b383ff18a4f59,.xml,generic_apk_member,False,[],
res/drawable/abc_ic_voice_search_api_material.xml,828,456,8ff833f4,035737db51815e6769d7a2f685d9d2b966717d0abb598ad5011b878fb2c95e6f,.xml,generic_apk_member,False,[],
res/drawable/abc_item_background_holo_dark.xml,1012,319,4c527dfa,d00ec0bcb7bebfdc377222c7d59d2f5858b916fb9863de0b9a3303a3e28552b9,.xml,generic_apk_member,False,[],
res/drawable/abc_item_background_holo_light.xml,1012,319,f5784ba9,a5a713b0beceed8255f6a37e5c64b84c553ba9f1adf90964bfa0ff4d2aee57ef,.xml,generic_apk_member,False,[],
res/drawable/abc_list_selector_background_transition_holo_dark.xml,424,199,bc48dde8,781ccf2cdcbe00be2153a1a5bf30a0cde1d70bbbfd66393cf936f0184f290b39,.xml,generic_apk_member,False,[],
res/drawable/abc_list_selector_background_transition_holo_light.xml,424,199,a11513ac,af09ac896131d6b61946e891450be08a7d6dc649b8db832a0bacd81a6717781f,.xml,generic_apk_member,False,[],
res/drawable/abc_list_selector_holo_dark.xml,1064,338,60a7bd2c,f02779f070a789782caa44cab82490c7ee103bf48a505fdf127d3423830b8606,.xml,generic_apk_member,False,[],
res/drawable/abc_list_selector_holo_light.xml,1064,338,559a1df1,f502e809f18af58f3b7199340c849258744a28102d03cbfc444386cb0c8081f2,.xml,generic_apk_member,False,[],
res/drawable/abc_ratingbar_indicator_material.xml,704,296,4edf6db3,4ca96d17d36710e4fc5b5e7658487f1a9454eb6f773b460cde137c5aefcd9d1c,.xml,generic_apk_member,False,[],
res/drawable/abc_ratingbar_material.xml,704,297,2f5202b4,891e9c81816cdbb54ce2c3c5ad072e978e7c1ba7b464aec9cf33dba4af2a6dca,.xml,generic_apk_member,False,[],
res/drawable/abc_ratingbar_small_material.xml,704,297,96ed5a3d,06139ceef9a1cf61d7d7bc89784ef6b04c5398e0f774eccf102044db6b2a8264,.xml,generic_apk_member,False,[],
res/drawable/abc_seekbar_thumb_material.xml,1100,353,c3b7e891,307be0a9e6bc76e4bcbcfde0f4563e5021c334dcc80eb44b5f6422ac2c8931d1,.xml,generic_apk_member,False,[],
res/drawable/abc_seekbar_tick_mark_material.xml,516,245,6a2f8811,965abe54fd42db2ee2e854b428b0ba1780d1d63425743c64ea7fc5cfa60d7ce0,.xml,generic_apk_member,False,[],
res/drawable/abc_seekbar_track_material.xml,1408,424,ef4705e9,2e0765347c6c2e4c1d7c8d5d7e03cec5e09a9676b214f9202d598d85cf578b33,.xml,generic_apk_member,False,[],
res/drawable/abc_spinner_textfield_background_material.xml,1160,408,adb8dc1c,36d8fefc11408eee509e11e0600a8c0196e36f1da39d4711796215fe45ed82fc,.xml,generic_apk_member,False,[],
res/drawable/abc_switch_thumb_material.xml,464,230,58fb7ada,bdf1cc74c907769bb545f4b598e3493ef85d2dac029ee9fb8fbcf156d8bd454e,.xml,generic_apk_member,False,[],
res/drawable/abc_tab_indicator_material.xml,468,232,3adbee84,f11e6ef50869463af46822cc377a025027dc18a60747d1e91b46c290ac0de5b5,.xml,generic_apk_member,False,[],
res/drawable/abc_text_cursor_material.xml,516,241,02cbd439,e49a3d6549f8ffce9ef6716a1dce006f64797eaae60bc091b16c560e20ee59bd,.xml,generic_apk_member,False,[],
res/drawable/abc_textfield_search_material.xml,756,291,35979764,df3b12055642e8cd2789f47bed0324bcca9f203aa93736d01e8757ac4ade7ef5,.xml,generic_apk_member,False,[],
res/drawable/abc_vector_test.xml,612,333,abab819e,b2b8eab570357610a73322e777914936a1eb6399ade30906783eae1a0d632564,.xml,generic_apk_member,False,[],
res/drawable/ad_mob_outline_shape.xml,500,228,17a8f83e,72385dbb9c76d7899678b4c744c21216bf5cdd3cba3452608dd16719fdcc0ba1,.xml,generic_apk_member,False,[],
res/drawable/ad_mob_rounded_button_shape.xml,448,217,6dafd269,0c724c433f85e6492220ef4e1780085711d44ff9e68ed509f4b9586bd97cebeb,.xml,generic_apk_member,False,[],
res/drawable/ad_mob_rounded_corners_shape.xml,940,386,8ba53b8f,719e5cb04eb6ff034b87dfd4881ccd0665c2ff215c9c1ba1132b72a13dd58313,.xml,generic_apk_member,False,[],
res/drawable/admob_close_button_black_circle_white_cross.xml,988,473,74fbe9b0,165cdd9b8dc457030e9f9f4cb011fd53c79dd01242edc785eeaaa89f444f12dd,.xml,generic_apk_member,False,[],
res/drawable/admob_close_button_white_circle_black_cross.xml,988,474,374b8e11,ce5e70816c5cc024703e02382f504b63bd2ae1da69db442b1dbc4d81642bf77d,.xml,generic_apk_member,False,[],
res/drawable/admob_close_button_white_cross.xml,704,360,69477a0e,95358976ebde4fd9552687003d9f778c08cad959f07f0ee054c9caeaef6ccec4,.xml,generic_apk_member,False,[],
res/drawable/applovin_creative_debugger_report_ad_rounded_button.xml,1316,372,5305051e,0f14629b112663651f803f291d31f9a9fa784d25d7eb7f9238f1e7d1d79a5dfa,.xml,generic_apk_member,False,[],
res/drawable/applovin_ic_mediation_placeholder.xml,628,280,b0c99108,8a3611d7135a9ab231c272b02709145db3c06a227d8013020e5917d443ebf9e2,.xml,generic_apk_member,False,[],
res/drawable/applovin_ic_mute_to_unmute.xml,916,352,fd77a708,f86ecd775d2fe2fedd8b7e8efe78d297927aebb07a0b716c2b432f6cde42f9af,.xml,generic_apk_member,False,[],
res/drawable/applovin_ic_privacy_icon.png,498,498,fdddc548,e148718c28d1a198d70b449f58285eedd6f3f46f2b0a56288ce2cd4acf780a79,.png,generic_apk_member,False,[],
res/drawable/applovin_ic_privacy_icon_layered_list.xml,760,327,1812416d,345562464046e041dd3756be5de3b79bfa122080b6f92bb12d464df44a7b7af9,.xml,generic_apk_member,False,[],
res/drawable/applovin_ic_unmute_to_mute.xml,916,354,070ac05b,5ef64246b7c8cad6d3a6ffc27b68e6b982fcadb6f6300add088a1d355f06f58f,.xml,generic_apk_member,False,[],
res/drawable/applovin_ic_white_small.png,1909,1909,d63314db,1392d34132f25b0cc7d134822a736f4c533fefdfe56e50649750c6b67400a29e,.png,generic_apk_member,False,[],
res/drawable/applovin_mediation_debugger_switch_thumb.xml,1260,381,5ee34aaa,eebba38c9b17725274994edd0ec2a3f27e82b0d55c9f95f119086f2a340713a8,.xml,generic_apk_member,False,[],
res/drawable/applovin_mediation_debugger_switch_track.xml,1236,393,3d9195ca,168b2404d6a427ea99cc6dae4d5a56d5d850c33ae05468de89ffe30134994f54,.xml,generic_apk_member,False,[],
res/drawable/applovin_rounded_black_background.xml,448,216,e3056bbf,ef661379ac351583ddc392ee44747e26b13252edf9de8302502643298329343a,.xml,generic_apk_member,False,[],
res/drawable/applovin_rounded_button.xml,1316,372,d3a12af8,29939aaa488965fc5d63d91c90dcc17bef15b677b9a7c12586297fc369595906,.xml,generic_apk_member,False,[],
res/drawable/applovin_rounded_text_view_border.xml,612,267,aa65d7cf,7b1bc39b7318be67296257a0a210d1d8bb2f1aaa5cd785abb350709d9f067532,.xml,generic_apk_member,False,[],
res/drawable/btn_checkbox_checked_mtrl.xml,2688,841,c8a001bd,c2d4585b382ece8a545149e2677f041f1131e6739dc7545088aa030723693ead,.xml,generic_apk_member,False,[],
res/drawable/btn_checkbox_checked_to_unchecked_mtrl_animation.xml,688,305,a8ebe876,370c6fe84b21a2ac91612b05ba3285d67d3c52e71467cfa9ad778e7d48d38298,.xml,generic_apk_member,False,[],
res/drawable/btn_checkbox_unchecked_mtrl.xml,2660,831,5fb7aa8d,e618d2ffe965ae475f462281a349c0177b76bc95c1d0bac219325873a2b51ad7,.xml,generic_apk_member,False,[],
res/drawable/btn_checkbox_unchecked_to_checked_mtrl_animation.xml,688,301,d96a880d,6d9d5398f8cd7388589446b1adfa8de43844a2d903721a1b1d17b9ca28aebd37,.xml,generic_apk_member,False,[],
res/drawable/btn_radio_off_mtrl.xml,1728,703,495aed87,2a12a29193791d349bb512452f54e3d67755ded679c47b4b8e1540e88695e72f,.xml,generic_apk_member,False,[],
res/drawable/btn_radio_off_to_on_mtrl_animation.xml,680,301,a5ddd46a,0402296c49c0aa07d026997b1909b9070110ee86375d04a8ca8eb720ceca1904,.xml,generic_apk_member,False,[],
res/drawable/btn_radio_on_mtrl.xml,1656,678,958fd62f,f2c4cdf65caa5981c52511bca1f3e5413695f82445183d6a95d0dd8120dd6a14,.xml,generic_apk_member,False,[],
res/drawable/btn_radio_on_to_off_mtrl_animation.xml,680,301,a06729b2,dd67a3c23bf1b54a4e53ef1fb848358a248b3670300ba40d123a2a4711f8aa9b,.xml,generic_apk_member,False,[],
res/drawable/common_google_signin_btn_icon_dark.xml,588,260,32e7bc5a,bef2fd20ae45ca924f0752717719a00c9fb6542327342ee6fa89fe1065064b8b,.xml,generic_apk_member,False,[],
res/drawable/common_google_signin_btn_icon_dark_focused.xml,892,373,6d72f8ce,51dbc2141d82bf85fa6d949d8ae007e0bfe1d8557d5d9be00e80ad16b3841c25,.xml,generic_apk_member,False,[],
res/drawable/common_google_signin_btn_icon_dark_normal.xml,548,257,c3c92aab,0a46fdfdbcd6156eed4aadcaeda3a6db85876ed161f53de3cdb4db9538b0161d,.xml,generic_apk_member,False,[],
res/drawable/common_google_signin_btn_icon_disabled.xml,1132,438,f0816cf2,12cabcafedf872e87a20220616ef817604f867a360d77136ab53eb2b0e6f9299,.xml,generic_apk_member,False,[],
res/drawable/common_google_signin_btn_icon_light.xml,588,259,043fbe60,b30662f68700b3edfa921c350bd9cd472b02749ed94ed0c5d1b6c58006ea8e46,.xml,generic_apk_member,False,[],
res/drawable/common_google_signin_btn_icon_light_focused.xml,892,371,ea8958bc,fbf87db3dd3f5f7036e911fe80b0426f8a92d3ce367376d4bef93d28d4027e6d,.xml,generic_apk_member,False,[],
res/drawable/common_google_signin_btn_icon_light_normal.xml,548,256,32bc3479,87d60a68d1926095fbc23ddc24ff15e6c28359559c4ee70b8dfcf3185fbfe7fc,.xml,generic_apk_member,False,[],
res/drawable/common_google_signin_btn_text_dark.xml,588,257,9bc0b790,4fa1c4f094e4bf4dd57c06214bed7c8cd85fa341e2fe7732a1a82b1c4c059d65,.xml,generic_apk_member,False,[],
res/drawable/common_google_signin_btn_text_dark_focused.xml,892,373,8df7b1bb,d229e75c55f1401507e69ad63898967d120fda63e715971d8faf8e41b97bd3e6,.xml,generic_apk_member,False,[],
res/drawable/common_google_signin_btn_text_dark_normal.xml,584,272,f1735283,965dbbc847b432996025c2a36c8b4c90fc3b24dfe18fe01cee8b4ccab911dcb7,.xml,generic_apk_member,False,[],
res/drawable/common_google_signin_btn_text_disabled.xml,1152,447,708ed1b6,44c619ae372bcffc4754daaafeffe8b41e5a3a017469211cbd47d5d0092512d6,.xml,generic_apk_member,False,[],
res/drawable/common_google_signin_btn_text_light.xml,588,261,3bda14a1,646440325d944357bff27863d5ff7c734e2c30098eeb4aa10595a61cad4263af,.xml,generic_apk_member,False,[],
res/drawable/common_google_signin_btn_text_light_focused.xml,892,371,44ee4b59,6f8ff91ebaa6435046e44cb443138e5b1460f134a2b95e645e8cc222284185d7,.xml,generic_apk_member,False,[],
res/drawable/common_google_signin_btn_text_light_normal.xml,584,273,ea5573f9,616a305e4e2ffda479fdf4d4244f1f20b1c3c007dbfe27bc3bbe4764ebb88000,.xml,generic_apk_member,False,[],
res/drawable/gnt_outline_shape.xml,500,226,702b4cc7,8a23f60564b3f41da3b8bc5cb9e11d04d840f45e5b98198c980a6806141f28fc,.xml,generic_apk_member,False,[],
res/drawable/gnt_rounded_corners_shape.xml,940,387,54964ada,086460598f4922bf16c0ee56df6cac290df57bcc6741f8aac549037798bb8d06,.xml,generic_apk_member,False,[],
res/drawable/notification_bg.xml,532,254,6211fd77,62887734ce96108734b3bbc5dda3cdbc5501bf70b5e3e6fcfe6dbe806befdff8,.xml,generic_apk_member,False,[],
res/drawable/notification_bg_low.xml,532,254,24b2338b,43d5a2aa2eeb9cda1a235801b671655ade4de6a98593070a5332f7b1d4d98e4c,.xml,generic_apk_member,False,[],
res/drawable/notification_icon_background.xml,372,184,e139879a,3ee61abe0a9062367738544a5c7e801fb94348ce1adc032cbee497b3cc9e0f94,.xml,generic_apk_member,False,[],
res/drawable/notification_tile_bg.xml,304,174,e3a2eea1,1726cf62683e578c6cdce3d95bb9a3e5e07f0a5b622f7fa9fff95ed1fabc94d7,.xml,generic_apk_member,False,[],
res/drawable/offline_dialog_background.xml,448,213,654e8c06,ea281276576d992a7a356adb8adc4d311ce6f7ea6cbedf179a9e39b239c961a6,.xml,generic_apk_member,False,[],
res/drawable/offline_dialog_default_icon_42dp.xml,1216,557,d9383255,f2fd42bf77d0568641472ac2a72020247910f5030efcd6507ba7adca9b5b6994,.xml,generic_apk_member,False,[],
res/drawable/tooltip_frame_dark.xml,484,224,6742ec82,2a99042a86be8cd359beb95cd3590f22ad87ec65ddddc04ffb36f7fd965806d3,.xml,generic_apk_member,False,[],
res/drawable/tooltip_frame_light.xml,484,224,7a1f22c6,17b9b28d422863e86b541d014a843ef016ef5cce24c2d41c87564654ed2cefcd,.xml,generic_apk_member,False,[],
res/drawable-anydpi-v21/applovin_ic_baseline_add_circle_outline.xml,724,401,42e4cb41,ebf731fafe349383c8781131fed373af73c3e5c5fc8456fba4e421f9841b6e8d,.xml,generic_apk_member,False,[],
res/drawable-anydpi-v21/applovin_ic_check_mark_bordered.xml,816,422,f9468275,8734147361cdde9fbf48e206a5b74e6b4232363f7816b1ddf8f7459a074ef47c,.xml,generic_apk_member,False,[],
res/drawable-anydpi-v21/applovin_ic_check_mark_borderless.xml,700,352,f38a4a5c,9a8c12f9b34a938246ae4d3dcbe11c6ccc0e87459bc702ca171a908a7e0ba819,.xml,generic_apk_member,False,[],
res/drawable-anydpi-v21/applovin_ic_disclosure_arrow.xml,620,334,2a6e4d2b,d38b9aa4851f22e62affecf9fa88deb8e2e848293ebbdb9a78ef767427bca8a5,.xml,generic_apk_member,False,[],
res/drawable-anydpi-v21/applovin_ic_mediation_adjoe.xml,2196,1163,7e0963f2,3b7fe9294febf1ff7c196b72f8a25a2504eea7ac89209460ba6dd78eef0b1c23,.xml,generic_apk_member,False,[],
res/drawable-anydpi-v21/applovin_ic_mediation_admob.xml,1284,618,a998300a,ba33d822f137b920b6cd31a518d69d91f90d0d8ac1312078f970ba062d87084c,.xml,generic_apk_member,False,[],
res/drawable-anydpi-v21/applovin_ic_mediation_amazon_marketplace.xml,1528,761,549069d2,22320efb35448341ed8429edb17c61c6e3632cef4254d8c1a5c4a89a8bd97240,.xml,generic_apk_member,False,[],
res/drawable-anydpi-v21/applovin_ic_mediation_applovin.xml,1568,791,fa0ace8e,85de362c9ca30fe11bf2a376857eef7618162681d2ff6b947af4d43bec60dd35,.xml,generic_apk_member,False,[],
res/drawable-anydpi-v21/applovin_ic_mediation_bidmachine.xml,1184,571,8696bafa,6dbd89fdff443ee360c3c953edd684422d4c001a1b103fbadb7f0da720adf11b,.xml,generic_apk_member,False,[],
res/drawable-anydpi-v21/applovin_ic_mediation_bigo.xml,2116,931,8245b9ed,fea078a760350b0a982d700f75b8c11aa74d62f1767ce89d2136776505a7a1d9,.xml,generic_apk_member,False,[],
res/drawable-anydpi-v21/applovin_ic_mediation_chartboost.xml,980,522,dda8b028,6d089d6cd49ab65aa15f6c1aa910b98a32c3da184c9b99f96ffa8a5ea603a1b1,.xml,generic_apk_member,False,[],
res/drawable-anydpi-v21/applovin_ic_mediation_facebook.xml,744,430,313d2e31,b92300e7281d8ddcb879931b65342c2139c187ef4b5aa72e8a94ce6319e0eefe,.xml,generic_apk_member,False,[],
res/drawable-anydpi-v21/applovin_ic_mediation_fyber.xml,6728,2242,9a65f2da,4eb4dd41464438107528c4ade541ee20d15502c6ee1d1a2b05db3a0f71f8a504,.xml,generic_apk_member,False,[],
res/drawable-anydpi-v21/applovin_ic_mediation_google_ad_manager.xml,1824,769,401b79e3,725de253f92b84a6a518faef9990e09d18d3ce22264ba6ee3e052b73d748705f,.xml,generic_apk_member,False,[],
res/drawable-anydpi-v21/applovin_ic_mediation_inmobi.xml,1260,614,cd4fdb4d,2ea2eead8c074cd8d89c824fd1721c046703fe4e728a12317f4ad5d0ca59e270,.xml,generic_apk_member,False,[],
res/drawable-anydpi-v21/applovin_ic_mediation_ironsource.xml,1264,670,00dc3145,b69d06cf27f6f0454e9ca663e487b63c0d289795879fb548d4e55c1f8ef95b08,.xml,generic_apk_member,False,[],
res/drawable-anydpi-v21/applovin_ic_mediation_line.xml,1604,724,6fb7f2ca,b619a9afc7b1e8cb99e569a2f6b8e04daaa0c136ce0addbbe69db38a389679a6,.xml,generic_apk_member,False,[],
res/drawable-anydpi-v21/applovin_ic_mediation_linkedin.xml,2852,1326,fb679c3e,2e518fd5b085f32d8299e232b40e414a9ca1c4e51324e50edcfb6343a19408ca,.xml,generic_apk_member,False,[],
res/drawable-anydpi-v21/applovin_ic_mediation_mintegral.xml,3404,1221,264af6e8,3766a38005f4a4bb4e026a480d46f2608de638ee578e6fa5c51595d53196d9c4,.xml,generic_apk_member,False,[],
res/drawable-anydpi-v21/applovin_ic_mediation_mobilefuse.xml,8464,3248,09a40226,0b8b594e722144ab60aa6dabe946678bcad4cf884381cb4eee901b0d9d05a372,.xml,generic_apk_member,False,[],
res/drawable-anydpi-v21/applovin_ic_mediation_moloco.xml,1188,630,759900fb,f87132ecf0ac2844f0b0ec400d70b6133812b1d9587b522da6cf99fa0dd8803d,.xml,generic_apk_member,False,[],
res/drawable-anydpi-v21/applovin_ic_mediation_mytarget.xml,1724,711,ae9b4d28,95a29c52aa237c2e0ef2a82b49471b4d0792e42fda4ab2ead755903527986676,.xml,generic_apk_member,False,[],
res/drawable-anydpi-v21/applovin_ic_mediation_ogury_presage.xml,1564,865,1bba58c0,750d007c6e3d686cfc097f0917fc3cb7c826536cd245f59397a12af5b7697c94,.xml,generic_apk_member,False,[],
res/drawable-anydpi-v21/applovin_ic_mediation_pangle.xml,19972,7552,99c1cd88,c084925b6ec595dfd45c0ada33919f10ab645c329fc83983683a2d80e07a4342,.xml,generic_apk_member,False,[],
res/drawable-anydpi-v21/applovin_ic_mediation_pubmatic.xml,1996,860,2c6438e6,1052d0342dc93e3a131320356a8dadf6d65bc23709abb4297a8b710660ecc358,.xml,generic_apk_member,False,[],
res/drawable-anydpi-v21/applovin_ic_mediation_smaato.xml,1312,707,a71e2c98,56c037c933cec97513607f8a86a8ff6a92c649f83dc0125777172b67178ebcbb,.xml,generic_apk_member,False,[],
res/drawable-anydpi-v21/applovin_ic_mediation_tiktok.xml,2376,914,11938eb3,80a4fd828ad58f7ba3c5a6ea893fa5895c08875f1684a3b14432f9f8c7855868,.xml,generic_apk_member,False,[],
res/drawable-anydpi-v21/applovin_ic_mediation_unity.xml,1020,567,068ea19e,aaf6ef5569df43ae3ffb73f4eaf666833631d9f31a996c45a22c056397b8eb91,.xml,generic_apk_member,False,[],
res/drawable-anydpi-v21/applovin_ic_mediation_verve.xml,904,462,3ed7c3a3,c1074f93c462e8ef9fabb1af7d578416b51a231a53b944b4ebaa76ea8541e8c3,.xml,generic_apk_member,False,[],
res/drawable-anydpi-v21/applovin_ic_mediation_vungle.xml,2312,1107,f6c9ed97,4bc63fdbd0f2946cc9005a304fc67f003643c260a5ee9937c79df38e70dde467,.xml,generic_apk_member,False,[],
res/drawable-anydpi-v21/applovin_ic_mediation_yandex.xml,672,371,fb109049,06be892757e15050cc9bd7db3ea63d376fd3857b6d77062a1dda9a53061f2c37,.xml,generic_apk_member,False,[],
res/drawable-anydpi-v21/applovin_ic_pause_icon.xml,856,367,168db35a,ca9c7eafd191147194aadac1bc3cf6b3ce13894aa7a3e2c04ec89041ce62c3f8,.xml,generic_apk_member,False,[],
res/drawable-anydpi-v21/applovin_ic_play_icon.xml,760,426,32abae38,b60f6efb718739d77939b7b431311b9a7d1c196640d0b7d2bbd7c6d3ef3911b1,.xml,generic_apk_member,False,[],
res/drawable-anydpi-v21/applovin_ic_replay_icon.xml,688,372,4551fc0b,7372e1c3714927910a769244c5ac522e51de7af8b592408a39e0c79d6a4f93c5,.xml,generic_apk_member,False,[],
res/drawable-anydpi-v21/applovin_ic_warning.xml,600,321,315b8f10,aaef1bb34cabb80fa6c526a45220390ff4c04b1e4f381035ed485b5f4d6f23df,.xml,generic_apk_member,False,[],
res/drawable-anydpi-v21/applovin_ic_warning_outline.xml,1128,536,cd924bce,ca69a50f281b680999fb11bb60090ccbd9aae32ca3e398d4240e17173c2a7338,.xml,generic_apk_member,False,[],
res/drawable-anydpi-v21/applovin_ic_x_mark.xml,940,448,f4ed60e0,b7fd94737273950e20ec2e70a980fdff2e7f1b7681b25da1d793e01aa195a9cb,.xml,generic_apk_member,False,[],
res/drawable-anydpi-v21/ic_call_answer.xml,1356,663,e718162c,5f6376dfe199d8a6e40033d3e623989d052c9b2f974d00c824fbb8b76fc6fde8,.xml,generic_apk_member,False,[],
res/drawable-anydpi-v21/ic_call_answer_low.xml,1320,644,841b4300,8f9acacabaf2dfb4bb53dab7ce7bec9c1451ce0a0219ffaa41760ea82da3d2d6,.xml,generic_apk_member,False,[],
res/drawable-anydpi-v21/ic_call_answer_video.xml,772,421,6d825b66,5d4cdaae5838ad9442c085f951b766b2808bff13b8c85a14e0bcf8571514492c,.xml,generic_apk_member,False,[],
res/drawable-anydpi-v21/ic_call_answer_video_low.xml,736,401,4484223e,4a959580080ebb1d822a2459a4234d2abf0dd0b65d9c28bda8c258dafc888c51,.xml,generic_apk_member,False,[],
res/drawable-anydpi-v21/ic_call_decline.xml,1528,734,8e9ea254,2d825b79cce60203492ff09a04826db0ac8d9eb9bc0fb9fb139ae1aa5cde0f67,.xml,generic_apk_member,False,[],
res/drawable-anydpi-v21/ic_call_decline_low.xml,1492,712,dc9946b2,c8321364802409baf4d76e2a84e303871585bdc95b0395040c5ecea0e2051105,.xml,generic_apk_member,False,[],
res/drawable-anydpi-v21/ic_other_sign_in.xml,1228,608,166efae7,e8c647e87b56706a8541834ec9b6b5477f4bf355f122c79d4e4dd74c42919b6d,.xml,generic_apk_member,False,[],
res/drawable-anydpi-v21/ic_password.xml,2092,857,42244c53,922121f43e7e6b43658615313a17cffe636828b63ea47ca4eefadc53e486325a,.xml,generic_apk_member,False,[],
res/drawable-anydpi-v24/applovin_ic_mediation_yso.xml,3368,1214,f4631076,92df4723c6c5d35a5946ab5395c23bccfa4db4e679e19e7c1b11ee3b97b27bb5,.xml,generic_apk_member,False,[],
res/drawable-anydpi-v24/ic_passkey.xml,1568,734,6bae8d31,82bbb6b5a673f94ac296036e4e0d66d1beb25e595684e9c636fd4bc18d117f0d,.xml,generic_apk_member,False,[],
res/drawable-hdpi-v11/_default_profile.png,747,747,d975a1bb,15e947c8bf46abdd06beadf0154b515d38006a816042e20615fc78f6c4fd4042,.png,generic_apk_member,False,[],
res/drawable-hdpi-v11/_default_profile_large.png,15120,15120,109efd61,9a971e5dfc421bca94b963450cb494e5b13cd65d255499cb0ec171bccf21b84a,.png,generic_apk_member,False,[],
res/drawable-hdpi-v4/abc_ab_share_pack_mtrl_alpha.9.png,272,272,e0e00b8a,991f73be600ad8821a6743db54af513f9b047058e95066e22fcdd1d72032bc58,.png,generic_apk_member,False,[],
res/drawable-hdpi-v4/abc_btn_check_to_on_mtrl_000.png,227,227,55e57039,5eca0280bd38a6887b6e41765cf5da573133874625001eb90156eaeb35fbe088,.png,generic_apk_member,False,[],
res/drawable-hdpi-v4/abc_btn_check_to_on_mtrl_015.png,404,404,13296992,5ced2ab774853050255d7309e10b76217813d56f3f8ab8fb73ac3f635d90c676,.png,generic_apk_member,False,[],
res/drawable-hdpi-v4/abc_btn_radio_to_on_mtrl_000.png,464,464,d265c1df,5080b07eb486ba05ede737b567eb2bb89d7b79a3edb5c2ca8141c6eba012b75d,.png,generic_apk_member,False,[],
res/drawable-hdpi-v4/abc_btn_radio_to_on_mtrl_015.png,563,563,9b1429bf,7442cda653acbacdf9aef256aa191e5ebb6071a1747312aec45e1db8252a3cfb,.png,generic_apk_member,False,[],
res/drawable-hdpi-v4/abc_btn_switch_to_on_mtrl_00001.9.png,1096,1096,452a314b,9f849bcd788adceb32f4c1a5aa892749bd1e244a3787bfbfbd30d3b6f5d8e9db,.png,generic_apk_member,False,[],
res/drawable-hdpi-v4/abc_btn_switch_to_on_mtrl_00012.9.png,1243,1243,ee5987fb,ab94afcb2bb325544c0c1103bf5109b827bf070f441faef909f856ae295a1cf0,.png,generic_apk_member,False,[],
res/drawable-hdpi-v4/abc_cab_background_top_mtrl_alpha.9.png,226,226,89186040,67e701476927078d89ab0bbb39fff12d69702592a7a428237a21168a21ec1038,.png,generic_apk_member,False,[],
res/drawable-hdpi-v4/abc_ic_commit_search_api_mtrl_alpha.png,171,171,ce3e1667,239d602c9c65f156fe024613207955ac8fbdd395ae6ec3efa51be98e3a4473f4,.png,generic_apk_member,False,[],
res/drawable-hdpi-v4/abc_ic_menu_copy_mtrl_am_alpha.png,202,202,2cb7fb1a,3990d0047a49ab79c7417876fc0b298730f2d3525924f6d72a41a14ea84bb0b5,.png,generic_apk_member,False,[],
res/drawable-hdpi-v4/abc_ic_menu_cut_mtrl_alpha.png,404,404,3a60c5fb,500419896d42ee0818f210db317439df7458ad9f6f68f8b33690bd6f18c7d05a,.png,generic_apk_member,False,[],
res/drawable-hdpi-v4/abc_ic_menu_paste_mtrl_am_alpha.png,226,226,77025832,39aa138b792f6c1e1df99e0c1b748406b50aa6da3a864345f11bdedb3c0710a7,.png,generic_apk_member,False,[],
res/drawable-hdpi-v4/abc_ic_menu_selectall_mtrl_alpha.png,215,215,4d9f4336,9ad2a7ae746b1293988f5642bf07ea09a27c04cd8ad8a4f2d8e83661a4897d3e,.png,generic_apk_member,False,[],
res/drawable-hdpi-v4/abc_ic_menu_share_mtrl_alpha.png,389,389,23a419ae,6603eec06d9b8a40b97bce71337f1a40f912f02d31d84a8150611377006f9e96,.png,generic_apk_member,False,[],
res/drawable-hdpi-v4/abc_ic_star_black_16dp.png,263,263,2423f5f1,d87483d4eeeeeecb4e0880a0eb0c161f047bfce5004131bc46b1512c14c79cc0,.png,generic_apk_member,False,[],
res/drawable-hdpi-v4/abc_ic_star_black_36dp.png,522,522,dcf33fba,428ed825ab284c918ed43866f9fa34c22f00553712924722b9b3186398b15551,.png,generic_apk_member,False,[],
res/drawable-hdpi-v4/abc_ic_star_black_48dp.png,668,668,b2403ba1,ab07f37b6decfb6d159c9674538e3895892a77d99caf8d84b196a77d5893e341,.png,generic_apk_member,False,[],
res/drawable-hdpi-v4/abc_ic_star_half_black_16dp.png,197,197,96063905,89bb69d41cc1e2d8c6ebebc6297e08ab5f1c2d25e01423bc1e3e8acc233bc64e,.png,generic_apk_member,False,[],
res/drawable-hdpi-v4/abc_ic_star_half_black_36dp.png,328,328,f93feaa6,0ba072579dc4ff23d6c7b10bd02a42d0c8dad68032685b48d33a102d9f156cb7,.png,generic_apk_member,False,[],
res/drawable-hdpi-v4/abc_ic_star_half_black_48dp.png,431,431,f9fe8ea6,643427c4bd60867acad34aa1445b11b4d9eae3e9bb1ea5f5cd06b9606f68dc19,.png,generic_apk_member,False,[],
res/drawable-hdpi-v4/abc_list_divider_mtrl_alpha.9.png,167,167,35642324,378694706fb7256dd2248e2af854efd71ec7e8885f61da2e16a2bd32fcf3d0a9,.png,generic_apk_member,False,[],
res/drawable-hdpi-v4/abc_list_focused_holo.9.png,244,244,8e4da209,a2f1a37af8e699320a2fadbe54eeaa6112d5a3522d57d682edf04fe97be3b47e,.png,generic_apk_member,False,[],
res/drawable-hdpi-v4/abc_list_longpressed_holo.9.png,212,212,81b12fde,d5c644b00ee79bd4f1fcb789ebbf89e79c0c6fea878dfbc4a8c64c3be34b5b03,.png,generic_apk_member,False,[],
res/drawable-hdpi-v4/abc_list_pressed_holo_dark.9.png,208,208,91d34861,a7523ccf037f7c31cf87a186feecb9139ef92d87e0702cabb08a31914b2b503e,.png,generic_apk_member,False,[],
res/drawable-hdpi-v4/abc_list_pressed_holo_light.9.png,208,208,e01fa47a,91b8358e22ac1b8554c71a528414acf30088d9ad562bdac3814844771c14c8a9,.png,generic_apk_member,False,[],
res/drawable-hdpi-v4/abc_list_selector_disabled_holo_dark.9.png,228,228,e28c1958,89c28e887b0d60c01b35dcd2be654f416bffb66e8565716dc983e3b0204967e8,.png,generic_apk_member,False,[],
res/drawable-hdpi-v4/abc_list_selector_disabled_holo_light.9.png,229,229,d18b0a1b,475f03b3ccff04fce91a7a912142d150a000b1d011da003745dc2c0e3f5fb092,.png,generic_apk_member,False,[],
res/drawable-hdpi-v4/abc_menu_hardkey_panel_mtrl_mult.9.png,738,738,325c2847,8fcf5b9da03c68dff65adfa8713db9ce3b5e423a9f5046f1785ab640c2a647fb,.png,generic_apk_member,False,[],
res/drawable-hdpi-v4/abc_popup_background_mtrl_mult.9.png,1098,1098,3d820b33,00a1ac74d8164cb5c4749a0b2e77e2c6da4a90abe873d8604f29841c19357c66,.png,generic_apk_member,False,[],
res/drawable-hdpi-v4/abc_scrubber_control_off_mtrl_alpha.png,201,201,86ce55b9,0e631dbfe2575dd16d3fd6c59641dfa4abb5e162d60f59049e4459f0af29fbf6,.png,generic_apk_member,False,[],
res/drawable-hdpi-v4/abc_scrubber_control_to_pressed_mtrl_000.png,196,196,21171d42,c131ab0e2eb9879bd063e736ab81313c5a4f47eaa2f4a0ec9eca93a1a150ed79,.png,generic_apk_member,False,[],
res/drawable-hdpi-v4/abc_scrubber_control_to_pressed_mtrl_005.png,272,272,58089ef9,dc08af9d14e6b673bf9f31c248236f0457b322464036647473e3a32a23773f0e,.png,generic_apk_member,False,[],
res/drawable-hdpi-v4/abc_scrubber_primary_mtrl_alpha.9.png,205,205,ac46dae1,9a1a48038a8d1dc041035b49cc732db23e008d126c8b2e680749dd29616a37b3,.png,generic_apk_member,False,[],
res/drawable-hdpi-v4/abc_scrubber_track_mtrl_alpha.9.png,196,196,0384badb,c86d934a5809f32599e42143e306ed6e066b224fe1fa3f32ade1603074e5b136,.png,generic_apk_member,False,[],
res/drawable-hdpi-v4/abc_spinner_mtrl_am_alpha.9.png,345,345,8dece53e,b0b2dc2cae7811c124ae528d714318bb1043b59d82a640f22c47ace64c283fec,.png,generic_apk_member,False,[],
res/drawable-hdpi-v4/abc_switch_track_mtrl_alpha.9.png,484,484,f4aa1eaf,2e3d70230977af37c6d7739899a73e63937eebdfe6d802f1a957c43c2f2ab131,.png,generic_apk_member,False,[],
res/drawable-hdpi-v4/abc_tab_indicator_mtrl_alpha.9.png,190,190,5bdf785c,aa61229cd70239278109c5ebe725e72484d0252efa4902a17192366942749289,.png,generic_apk_member,False,[],
res/drawable-hdpi-v4/abc_text_select_handle_left_mtrl_dark.png,278,278,487c7caf,cf7e0d111181db8dc2c16b5d5e027e883994f123ed940908a5f40bdfa8e87578,.png,generic_apk_member,False,[],
res/drawable-hdpi-v4/abc_text_select_handle_left_mtrl_light.png,278,278,a0d3c543,498b0cbd09b6b4feed8aca9ed77d235f5bb272c53d21b332649a00e942d989da,.png,generic_apk_member,False,[],
res/drawable-hdpi-v4/abc_text_select_handle_middle_mtrl_dark.png,398,398,e9486929,cd4459d1df83d7137cad2cb160889e4576e6dd1f385745a933008ee882a34a0c,.png,generic_apk_member,False,[],
res/drawable-hdpi-v4/abc_text_select_handle_middle_mtrl_light.png,396,396,be21c0b7,a475594ae7c771092a3a2718981e2710c737844f44a4401f72d3953753649a7a,.png,generic_apk_member,False,[],
res/drawable-hdpi-v4/abc_text_select_handle_right_mtrl_dark.png,263,263,725a273a,4de0161b447cea9b469d53bc1a6ac12d0287b92da4c10d83baa04f9080266cef,.png,generic_apk_member,False,[],
res/drawable-hdpi-v4/abc_text_select_handle_right_mtrl_light.png,262,262,df25bc6b,646021cc77e7f4bd68ab59fb32d306f81a2042125e6cdaa16184a062a8183f79,.png,generic_apk_member,False,[],
res/drawable-hdpi-v4/abc_textfield_activated_mtrl_alpha.9.png,186,186,747c103f,a933aaebbeae489dea84e78e7fbc4079fdfda576fbdeb339401fda6cdc03e764,.png,generic_apk_member,False,[],
res/drawable-hdpi-v4/abc_textfield_default_mtrl_alpha.9.png,192,192,296f3744,94fe9824714ad94c002fe6219e723c0d80c7cbe3a6130d7aa493730b67e294d1,.png,generic_apk_member,False,[],
res/drawable-hdpi-v4/abc_textfield_search_activated_mtrl_alpha.9.png,178,178,bb045ad2,25f25112cc46b285767de7b5b058cfc0a9efd5f21cfe724af031505d66a9eceb,.png,generic_apk_member,False,[],
res/drawable-hdpi-v4/abc_textfield_search_default_mtrl_alpha.9.png,178,178,aad3c65d,1411ae65d8160573c166d2a572106fd1103c12f242f67feec5feaa550197e5f5,.png,generic_apk_member,False,[],
res/drawable-hdpi-v4/applovin_ic_baseline_add_circle_outline.png,460,460,c33c334c,e6cf6f4d38707a8fa45d1043e2ca86a838367dbcfdb324f3770398ccf6427502,.png,generic_apk_member,False,[],
res/drawable-hdpi-v4/applovin_ic_check_mark_bordered.png,364,364,3f0e5e45,7d1a6cfdf120f4068623b712ff0dcd81ccf414ab297336371e9299ce503a8680,.png,generic_apk_member,False,[],
res/drawable-hdpi-v4/applovin_ic_check_mark_borderless.png,174,174,0919a538,6a473918da8fe6e22f1eae0fe4e593ba738463639563aaf009aad5c6176e5b77,.png,generic_apk_member,False,[],
res/drawable-hdpi-v4/applovin_ic_disclosure_arrow.png,133,133,6460dce6,1820c25820a63867c012ba65fad39dc239560344cad9ce622d2a37b769660369,.png,generic_apk_member,False,[],
res/drawable-hdpi-v4/applovin_ic_mediation_adjoe.png,2912,2912,00a295b6,b997d6b92a499cf79f6973ac57d010e2f99dd471f72d9e2d63d3e6ecc655e2b4,.png,generic_apk_member,False,[],
res/drawable-hdpi-v4/applovin_ic_mediation_admob.png,3127,3127,6d7762a1,e6450c31d88d9cb97689daad57e9624f3028d417b47c6f91f959a373855ec7a4,.png,generic_apk_member,False,[],
res/drawable-hdpi-v4/applovin_ic_mediation_amazon_marketplace.png,3223,3223,18ec1151,88a472f0cfd36591ea6d0a077837f7f99a72903d8978d3e1fcd60b028091c94f,.png,generic_apk_member,False,[],
res/drawable-hdpi-v4/applovin_ic_mediation_applovin.png,3218,3218,c8184923,08a2553c62e63fbeb3093c4800fdc7e2851b66ec946d64b401001c05760822da,.png,generic_apk_member,False,[],
res/drawable-hdpi-v4/applovin_ic_mediation_bidmachine.png,1598,1598,6217d234,c1f86aebc56c959a6b8183197b5dc7e649de106ab8702c7c4cad13f5a9471445,.png,generic_apk_member,False,[],
res/drawable-hdpi-v4/applovin_ic_mediation_bigo.png,2602,2602,a4df11f0,4d5d3bc82f800204eb89a85edf2861e4be294aa27aa37dbe194f71e376af1977,.png,generic_apk_member,False,[],
res/drawable-hdpi-v4/applovin_ic_mediation_chartboost.png,2228,2228,1569c878,efd7eff36cfad0b13fde8bf07d3fbe2eaa7011f9b2418456f9c2e9bc0757d95a,.png,generic_apk_member,False,[],
res/drawable-hdpi-v4/applovin_ic_mediation_facebook.png,992,992,7b5bc4a5,a7a58a8c691e157f597b85124b051c1fbb2bc16a9e390275a4bc959eb92590e0,.png,generic_apk_member,False,[],
res/drawable-hdpi-v4/applovin_ic_mediation_fyber.png,7226,7226,1c8c9f0d,17f52485a42ac506e4bb3c2be81744d4f32691e39ef6da5a542752636f3717d3,.png,generic_apk_member,False,[],
res/drawable-hdpi-v4/applovin_ic_mediation_google_ad_manager.png,2518,2518,23760717,dc2afd8ab8085e57ca1fcb53cce0d76b60f29ff1fae97c218ecd63603bd1ef01,.png,generic_apk_member,False,[],
res/drawable-hdpi-v4/applovin_ic_mediation_inmobi.png,1443,1443,16bc5975,16d6ce78af93078e3046bd4999cec425067ff6225b53bca6a5484d6edb09f5b0,.png,generic_apk_member,False,[],
res/drawable-hdpi-v4/applovin_ic_mediation_ironsource.png,2575,2575,78b7867b,42932ec6c147d2d04ff7ee4eb440664a045df9ff6691e8be13184b76f2f85d46,.png,generic_apk_member,False,[],
res/drawable-hdpi-v4/applovin_ic_mediation_line.png,2731,2731,8305c219,842b04f4ad11d25c0aa68447f132acb4080ca9eb592844e29a11373f53233c54,.png,generic_apk_member,False,[],
res/drawable-hdpi-v4/applovin_ic_mediation_linkedin.png,3296,3296,df93b948,9fb02f666171d0b10b99491577170575215e767e0dd74b41a822771f55413ee2,.png,generic_apk_member,False,[],
res/drawable-hdpi-v4/applovin_ic_mediation_mintegral.png,7276,7276,275d79d4,30646eb4582c344fbe453adecd51aceae19ef0370962add24c6c4588a354493f,.png,generic_apk_member,False,[],
res/drawable-hdpi-v4/applovin_ic_mediation_mobilefuse.png,8321,8321,9a306960,c56a62a6a4d19c3bfcc55ebce1acb8fc4f5feedd073095855382e90984012eb7,.png,generic_apk_member,False,[],
res/drawable-hdpi-v4/applovin_ic_mediation_moloco.png,2661,2661,6e1e2eaf,036e9a274c64d59ada7f42633ce1866415f9cc2f702c4b3066b7dce7aa76abdf,.png,generic_apk_member,False,[],
res/drawable-hdpi-v4/applovin_ic_mediation_mytarget.png,3896,3896,68786e64,a70a3d163c59e0c466040a96e3ed798d843013e847afec76c3cd31d8ba1dd5da,.png,generic_apk_member,False,[],
res/drawable-hdpi-v4/applovin_ic_mediation_ogury_presage.png,2095,2095,d6b9a930,7796c2939dc64ff771e9b92e67cb821b7b4b77c4536d3f41033638b759d568ea,.png,generic_apk_member,False,[],
res/drawable-hdpi-v4/applovin_ic_mediation_pangle.png,5070,5070,b2b71eb0,4948f23372ff188abfd75c7c241ba4b90bd87347bd2aaf40cf01b497feff7928,.png,generic_apk_member,False,[],
res/drawable-hdpi-v4/applovin_ic_mediation_pubmatic.png,1848,1848,42dadd96,42677eccb1c88313e85234dcef9ee64f58d3495c330f254e3db05bc7c818b979,.png,generic_apk_member,False,[],
res/drawable-hdpi-v4/applovin_ic_mediation_smaato.png,2687,2687,92cd141a,118dfee62fd21853f81939b98aa256984af3dd512058e179563c2a2eb833cb09,.png,generic_apk_member,False,[],
res/drawable-hdpi-v4/applovin_ic_mediation_tiktok.png,4163,4163,10b8641d,894a00d36b402228c27023ddcff496a88707f7f7e4104c7cc079484c5cc98005,.png,generic_apk_member,False,[],
res/drawable-hdpi-v4/applovin_ic_mediation_unity.png,2481,2481,9eedc8c7,b9678518b520326e7f762e9db6ebfe40b911bc2ddcc732031987ed9fa37b9502,.png,generic_apk_member,False,[],
res/drawable-hdpi-v4/applovin_ic_mediation_verve.png,1986,1986,102782d6,1f0af137568c92a267e919ec9a33946a5812542f2288741485a770d346c1ac5d,.png,generic_apk_member,False,[],
res/drawable-hdpi-v4/applovin_ic_mediation_vungle.png,3406,3406,e66682a8,c1124d3b4e61b042691d41de4b80941dc5472a24a83beb93d5c33fd3640dbeb9,.png,generic_apk_member,False,[],
res/drawable-hdpi-v4/applovin_ic_mediation_yandex.png,1553,1553,cf8f1e4d,af50ce4367f1806205abbba747b843e81691678f4f41e60c961138f488f54a07,.png,generic_apk_member,False,[],
res/drawable-hdpi-v4/applovin_ic_mediation_yso.png,4314,4314,c57da98b,d9cfe1fd14bced4189ed4d934220634c51f335f1ca3453b8f2f30504091d3938,.png,generic_apk_member,False,[],
res/drawable-hdpi-v4/applovin_ic_pause_icon.png,237,237,a4daabf9,264ee97516cfa87ea557ebe2530f6c83f6184b48c23e9f4402f739b51d7b5beb,.png,generic_apk_member,False,[],
res/drawable-hdpi-v4/applovin_ic_play_icon.png,725,725,31c7209b,80126ff201bb7f27dd60f4acc912776a755744127508cbf50ef859da2df89f6b,.png,generic_apk_member,False,[],
res/drawable-hdpi-v4/applovin_ic_replay_icon.png,737,737,6ab1be0d,8a99e094fcec3faa01489bb75242bc646b59a775935cdf2548561c46c7e84658,.png,generic_apk_member,False,[],
res/drawable-hdpi-v4/applovin_ic_warning.png,331,331,c8d511c8,a8e88d189a444bf4d63e12563ec2ebae385c6e268c4e45e0d19e7b9fd62ed9af,.png,generic_apk_member,False,[],
res/drawable-hdpi-v4/applovin_ic_warning_outline.png,886,886,b00c311a,7728f819a698c4ca67a73988089929c477afa7e89279a190b30f4557f468cdea,.png,generic_apk_member,False,[],
res/drawable-hdpi-v4/applovin_ic_x_mark.png,339,339,d4110bc0,cabaafb65da97808b86d2772426bde236a238d94e307d8b8cbdab1f4fe099cbf,.png,generic_apk_member,False,[],
res/drawable-hdpi-v4/common_full_open_on_phone.png,681,681,3ae6b82e,e8e2fecfbf111cc5ef65dbb6c7395a5ae16a68f7e0922738d0c802b26e866e49,.png,generic_apk_member,False,[],
res/drawable-hdpi-v4/common_google_signin_btn_icon_dark_normal_background.9.png,897,897,85696478,9865619196624a3cba32a36b0111357afea3148f123221ba8c7265bc681ab8a9,.png,generic_apk_member,False,[],
res/drawable-hdpi-v4/common_google_signin_btn_icon_light_normal_background.9.png,683,683,58fb3053,94a0b6363a09d466a3dc3722379ab367d9ff73a21ba0ff2c5bab6c30aa5f8b38,.png,generic_apk_member,False,[],
res/drawable-hdpi-v4/common_google_signin_btn_text_dark_normal_background.9.png,960,960,d939ee0d,d66f7061c274b1b6f8524993367af902737ddf9187db0cc8d91a8c64ad9b944a,.png,generic_apk_member,False,[],
res/drawable-hdpi-v4/common_google_signin_btn_text_light_normal_background.9.png,694,694,9a55c238,dc9a0ae125491ccdac95b57b5eee4060efd191294e171c8e369d7d0ec3ab2268,.png,generic_apk_member,False,[],
res/drawable-hdpi-v4/googleg_disabled_color_18.png,410,410,0cb58331,f73508090d3e6bbc3e39ba768e71855aad52ecaaaccda676d43a1860010cc557,.png,generic_apk_member,False,[],
res/drawable-hdpi-v4/googleg_standard_color_18.png,808,808,7d62f5a4,f221f962a62c954a11b1734e9631fc8531e34bee557665fea864aa4386e25e39,.png,generic_apk_member,False,[],
res/drawable-hdpi-v4/ic_call_answer.png,472,472,033f4e8a,5c80d88a7b82ef5833255bf70ff1c26c3efb2a92ae90cac222f3200f59e0b1ea,.png,generic_apk_member,False,[],
res/drawable-hdpi-v4/ic_call_answer_low.png,472,472,033f4e8a,5c80d88a7b82ef5833255bf70ff1c26c3efb2a92ae90cac222f3200f59e0b1ea,.png,generic_apk_member,False,[],
res/drawable-hdpi-v4/ic_call_answer_video.png,254,254,abe30596,6adcfc9dd1e1b82b985d223fc8a01c8e8f0dd3b9051d38062674b2380af79a50,.png,generic_apk_member,False,[],
res/drawable-hdpi-v4/ic_call_answer_video_low.png,254,254,abe30596,6adcfc9dd1e1b82b985d223fc8a01c8e8f0dd3b9051d38062674b2380af79a50,.png,generic_apk_member,False,[],
res/drawable-hdpi-v4/ic_call_decline.png,375,375,a7b67394,12ec9f9ad5fa3d7d897114af6c2297b66f31cb056e43daffbe80d23f6f66396d,.png,generic_apk_member,False,[],
res/drawable-hdpi-v4/ic_call_decline_low.png,375,375,a7b67394,12ec9f9ad5fa3d7d897114af6c2297b66f31cb056e43daffbe80d23f6f66396d,.png,generic_apk_member,False,[],
res/drawable-hdpi-v4/ic_other_sign_in.png,410,410,ffb9ee40,6f8b8f0515a5f8594b165b96487d938f23a42c9f59ba66239d08d5f64896d2bd,.png,generic_apk_member,False,[],
res/drawable-hdpi-v4/ic_passkey.png,763,763,4229c527,ecb2c876f668551d20d5756fe87a1ad331118a61ffbb5455a17d31a44140b708,.png,generic_apk_member,False,[],
res/drawable-hdpi-v4/ic_password.png,446,446,a53cdcc2,7d427a557cc50ada63a61bd25a33655a9f25af149a3c1cdd7d80a99ddcc3e8cf,.png,generic_apk_member,False,[],
res/drawable-hdpi-v4/notification_bg_low_normal.9.png,212,212,378c117e,21f0b55280be10b187ceff8edef4a5a7047683e6e9fcf47de410aa3839f41094,.png,generic_apk_member,False,[],
res/drawable-hdpi-v4/notification_bg_low_pressed.9.png,225,225,5059e725,42aee0b03883e94df5e543348a397d1302c1b8221895871a83b81899f5a9647b,.png,generic_apk_member,False,[],
res/drawable-hdpi-v4/notification_bg_normal.9.png,212,212,c22cbe9f,0c6328c7b2420570a7ec38b3beb3bac9a29d895ac1ab7239315aba7266418593,.png,generic_apk_member,False,[],
res/drawable-hdpi-v4/notification_bg_normal_pressed.9.png,225,225,a1d68cd0,18b328d8017e677d5aad3dbd66bae356b5cac978c6f0670938ea648e51d0eb66,.png,generic_apk_member,False,[],
res/drawable-hdpi-v4/notify_panel_notification_icon_bg.png,107,107,6ed8c1f1,8430ec003e003f3f2ba2f78d48fd150e25407667e530e82e87a7d4841c0fd676,.png,generic_apk_member,False,[],
res/drawable-ldpi-v11/_default_profile.png,296,296,4c2b66a3,dd69d61b03fc18173bc862dc643825e2b7275c90e51a0c4d764e813221f622bf,.png,generic_apk_member,False,[],
res/drawable-ldpi-v11/_default_profile_large.png,4677,4677,f39ddbf0,1ab0be3ff8b731aee2603284cf1ada50703ae18af660a5345017bacb34a13c83,.png,generic_apk_member,False,[],
res/drawable-ldpi-v4/applovin_ic_baseline_add_circle_outline.png,238,238,672172f6,9613c42d0fb04c1a76da60aa1aea8424278dba3b7bc65ef6f78184edec248372,.png,generic_apk_member,False,[],
res/drawable-ldpi-v4/applovin_ic_check_mark_bordered.png,237,237,edf020c0,79f0e00193159ece2c79edb3e622caff20a7b9723bd248564b002dab7c17d544,.png,generic_apk_member,False,[],
res/drawable-ldpi-v4/applovin_ic_check_mark_borderless.png,133,133,a773ddd1,7223d746d3937f6e29001a21ea05dcd7dd5f730511a0eb5cc579234b5427f2da,.png,generic_apk_member,False,[],
res/drawable-ldpi-v4/applovin_ic_disclosure_arrow.png,117,117,a6d92081,8e36aa4584836eb2be20664fc44076922dbbb904440f8f4539446b6fabec9690,.png,generic_apk_member,False,[],
res/drawable-ldpi-v4/applovin_ic_mediation_adjoe.png,1705,1705,ee8c9d31,8e1344e1048be8b652161c9818bf1f444adcc253e90a76d44771813fc11a0d35,.png,generic_apk_member,False,[],
res/drawable-ldpi-v4/applovin_ic_mediation_admob.png,1556,1556,a8431fae,80783a786561d2e86c3c09c373482f5783399827060c4cc45780546afb912b5b,.png,generic_apk_member,False,[],
res/drawable-ldpi-v4/applovin_ic_mediation_amazon_marketplace.png,1666,1666,ce9218b8,1fb551d52034aa07a4a1581764f6f86b2d31bb9f0b80cf1a68c036056ef7a7db,.png,generic_apk_member,False,[],
res/drawable-ldpi-v4/applovin_ic_mediation_applovin.png,1632,1632,0a892387,411f386a0eb4b93cba95d70bd943f7518a980b85e9c87933b5010f936a060a91,.png,generic_apk_member,False,[],
res/drawable-ldpi-v4/applovin_ic_mediation_bidmachine.png,890,890,0492bb38,936aadd727967c84b111ead6ce738d8e7d83b0c26bc6def091fb0c812634dccb,.png,generic_apk_member,False,[],
res/drawable-ldpi-v4/applovin_ic_mediation_bigo.png,1335,1335,125c6773,8a4050026113782f3fde70b24e7663c1d74b1d5d702530a9fa029ea3d615f9b2,.png,generic_apk_member,False,[],
res/drawable-ldpi-v4/applovin_ic_mediation_chartboost.png,1324,1324,53948f5c,67acfb0386fb0763096289773d28547494dd646c4ae3778a3bbfa5e87466a8ff,.png,generic_apk_member,False,[],
res/drawable-ldpi-v4/applovin_ic_mediation_facebook.png,599,599,088d5d9c,bda3852a4b7fc2f1d8be24b14536b262ff258ff605a6829c7fa75fd622b570f0,.png,generic_apk_member,False,[],
res/drawable-ldpi-v4/applovin_ic_mediation_fyber.png,3417,3417,ff30b4ab,5d672c60bf0cfea7d71a9ebad292b3b6075b91bbece76b7c1d7e007627335a4d,.png,generic_apk_member,False,[],
res/drawable-ldpi-v4/applovin_ic_mediation_google_ad_manager.png,1312,1312,6210ea95,ae422303f50284cc96008cbab020b76d4128f1e0cea35c342e6527020627db7a,.png,generic_apk_member,False,[],
res/drawable-ldpi-v4/applovin_ic_mediation_inmobi.png,723,723,ca384206,796c955a2097d8f18a7646bd5a34be76b03ab93b9630054fd3b69bf5bdffc15b,.png,generic_apk_member,False,[],
res/drawable-ldpi-v4/applovin_ic_mediation_ironsource.png,1574,1574,2c791fba,a62ed296878b4c47ab209aa1e803f96b73a777268789edaf744e75cdf9c9b0b2,.png,generic_apk_member,False,[],
res/drawable-ldpi-v4/applovin_ic_mediation_line.png,1408,1408,5cb038a8,decce15164e752cdab92742504ae857ffabb4dfd15ce3b99b15e53d656a4af1d,.png,generic_apk_member,False,[],
res/drawable-ldpi-v4/applovin_ic_mediation_linkedin.png,1849,1849,daa23b6a,ac787ebd383d91c4537da8b906843017a92ee80fd849e54164488047a12ed76d,.png,generic_apk_member,False,[],
res/drawable-ldpi-v4/applovin_ic_mediation_mintegral.png,3662,3662,8a6e7f53,c447e62ada977fe16dab62b85c35c9d8096f4f41ed223a0fcc0f3296c0e75a38,.png,generic_apk_member,False,[],
res/drawable-ldpi-v4/applovin_ic_mediation_mobilefuse.png,4183,4183,6695d5b6,a08d66e851ca03e7cbbcbb923909383f74b9e3812ee46ac508d1b1deaeaa918f,.png,generic_apk_member,False,[],
res/drawable-ldpi-v4/applovin_ic_mediation_moloco.png,1637,1637,53b1de85,8267ff2d169510162bcd23a20c2cef57ef391f18fc0d48c3934ec14aabed8ead,.png,generic_apk_member,False,[],
res/drawable-ldpi-v4/applovin_ic_mediation_mytarget.png,1488,1488,5df0e8a8,e585c9aeaf029f9f44b03ac42d2a72cb244c1dcf1976d70ff5cef5618444813e,.png,generic_apk_member,False,[],
res/drawable-ldpi-v4/applovin_ic_mediation_ogury_presage.png,1193,1193,63b26813,a197f5a892559b82c9412ca72331810eb2d1d586283c238443bcb95ff71fb8d5,.png,generic_apk_member,False,[],
res/drawable-ldpi-v4/applovin_ic_mediation_pangle.png,2174,2174,b987edcd,513415ff6b04a2f0c93820445b82489265119f26402d7640967a417c2a531e03,.png,generic_apk_member,False,[],
res/drawable-ldpi-v4/applovin_ic_mediation_pubmatic.png,925,925,7229585f,ab61d2cfb90405ecbacf5ab5b648eb6e72bfbe0cb29f329f5b7affc1c68fc7c6,.png,generic_apk_member,False,[],
res/drawable-ldpi-v4/applovin_ic_mediation_smaato.png,1670,1670,5312a2a5,1e11935e447b4f45e6dd42580859eac29b4ecdb487778e9ccfc544ab671df2ac,.png,generic_apk_member,False,[],
res/drawable-ldpi-v4/applovin_ic_mediation_tiktok.png,2112,2112,4e9fa1d3,f3431b6ae85a853b757c6de634573903a620a55f2ced6cf6d938a9bf5182d5a9,.png,generic_apk_member,False,[],
res/drawable-ldpi-v4/applovin_ic_mediation_unity.png,1483,1483,205e5b51,b64af50a89128fea29c664316d0bef29da9961982cfd34c796bbb44298bdb104,.png,generic_apk_member,False,[],
res/drawable-ldpi-v4/applovin_ic_mediation_verve.png,1174,1174,344f09a0,c10a3680822227dd4bc9144a52a2ab89ccbd436cb810aa806e0e0362a8918e52,.png,generic_apk_member,False,[],
res/drawable-ldpi-v4/applovin_ic_mediation_vungle.png,2073,2073,9c1b27b5,2143cd2c22bfeb15eaba06d121da6fe860542022cafcaecf38b9b8f4ebda6263,.png,generic_apk_member,False,[],
res/drawable-ldpi-v4/applovin_ic_mediation_yandex.png,741,741,af88edaf,372a9adb070cfaa92d5d1e4230f3863a7bfbff495d0d36284d8923fde79c7474,.png,generic_apk_member,False,[],
res/drawable-ldpi-v4/applovin_ic_mediation_yso.png,2151,2151,e1ebe7a6,738a574d474bd4dd636a63d8f0356e0fb95e846af55d1d9758195707cce69e6a,.png,generic_apk_member,False,[],
res/drawable-ldpi-v4/applovin_ic_pause_icon.png,194,194,44f83724,b3ce2fb291346232ba57b50b34ad64ba0bf0f07a8529453a5b039b169470b336,.png,generic_apk_member,False,[],
res/drawable-ldpi-v4/applovin_ic_play_icon.png,388,388,04633480,6a3d14507b1b69ad098cb84f5a62c3609a2e6536b18df5830d279d74bbb700ac,.png,generic_apk_member,False,[],
res/drawable-ldpi-v4/applovin_ic_replay_icon.png,542,542,54bf1bfb,4a8b2846ab37e939c666200b42d442d6e57dc10c56724809e03c80d6db432673,.png,generic_apk_member,False,[],
res/drawable-ldpi-v4/applovin_ic_warning.png,223,223,beb89c23,c35cf4f54fe9ef732bca48362efbf58f77a44bb3ce6652d467dab75a2ba491c6,.png,generic_apk_member,False,[],
res/drawable-ldpi-v4/applovin_ic_warning_outline.png,493,493,d8220334,d5b9685c42f03edd9f1ee59f8d17a572c61b2f1c62a137dd3cd64b4587520ea1,.png,generic_apk_member,False,[],
res/drawable-ldpi-v4/applovin_ic_x_mark.png,204,204,204fed63,49573ca231bc6d8ffb40a2085064a8e4ba57627d3fc91e61830bd297ff64c37f,.png,generic_apk_member,False,[],
res/drawable-ldpi-v4/ic_call_answer.png,270,270,bdbf1204,6d34a8bb29be26e343781603588506f33bd1b93732a1c1bc9fd84678aa36b178,.png,generic_apk_member,False,[],
res/drawable-ldpi-v4/ic_call_answer_low.png,270,270,bdbf1204,6d34a8bb29be26e343781603588506f33bd1b93732a1c1bc9fd84678aa36b178,.png,generic_apk_member,False,[],
res/drawable-ldpi-v4/ic_call_answer_video.png,199,199,1ca1cc7a,66356f564f051a568e25071f60da312c418309f9129773aceb2246773458681c,.png,generic_apk_member,False,[],
res/drawable-ldpi-v4/ic_call_answer_video_low.png,199,199,1ca1cc7a,66356f564f051a568e25071f60da312c418309f9129773aceb2246773458681c,.png,generic_apk_member,False,[],
res/drawable-ldpi-v4/ic_call_decline.png,201,201,9d7544da,a18cdaaf3742b1a3d4f484fa15d00fa34afb21495884301aafa3213338661ed6,.png,generic_apk_member,False,[],
res/drawable-ldpi-v4/ic_call_decline_low.png,201,201,9d7544da,a18cdaaf3742b1a3d4f484fa15d00fa34afb21495884301aafa3213338661ed6,.png,generic_apk_member,False,[],
res/drawable-ldpi-v4/ic_other_sign_in.png,246,246,2c7255bb,ca1384e6cf9f6978362992443a4e7314aef2bbe307c687221ac5d570c75d6bdc,.png,generic_apk_member,False,[],
res/drawable-ldpi-v4/ic_passkey.png,420,420,78be6991,b1fc7b8f95c33640fdd2a030d20ddf7398d9b495ea9ec189ae256714fd2e193e,.png,generic_apk_member,False,[],
res/drawable-ldpi-v4/ic_password.png,315,315,8e212707,e168c687e2ed8d1ca47c606eab66e50f4efd8554526bab46c0134c9aa023c258,.png,generic_apk_member,False,[],
res/drawable-ldrtl-hdpi-v17/abc_ic_menu_copy_mtrl_am_alpha.png,199,199,d0282950,641ad19d3467a8e5c4d9714eb7581608de2843f19e9a902a4e9223be0661fb87,.png,generic_apk_member,False,[],
res/drawable-ldrtl-hdpi-v17/abc_ic_menu_cut_mtrl_alpha.png,400,400,d879d837,cb374ddd7f6b44d028460f3629b1009387c00572717bf240c85f9a82651fab41,.png,generic_apk_member,False,[],
res/drawable-ldrtl-hdpi-v17/abc_spinner_mtrl_am_alpha.9.png,345,345,bd28c868,d4d2b0dbb039f1c6395183abe945b39470ad9a8a7b680a40fa790df6c645bb43,.png,generic_apk_member,False,[],
res/drawable-ldrtl-mdpi-v17/abc_ic_menu_copy_mtrl_am_alpha.png,127,127,0dd761e3,734c1f61bd507bb4f4c1fb28620d163ef158e2c19dfa94f344e18d4e2fd0ec5e,.png,generic_apk_member,False,[],
res/drawable-ldrtl-mdpi-v17/abc_ic_menu_cut_mtrl_alpha.png,253,253,1e7c3912,6dc6f70b602b524d6f097c3395e3fabbf986a00ebaccc8c771aaf12a185a59b8,.png,generic_apk_member,False,[],
res/drawable-ldrtl-mdpi-v17/abc_spinner_mtrl_am_alpha.9.png,318,318,0ed4949b,80502979302dee7353f475f558c497ae6697f77181a51f7cc80b40d72c2e0c4c,.png,generic_apk_member,False,[],
res/drawable-ldrtl-xhdpi-v17/abc_ic_menu_copy_mtrl_am_alpha.png,178,178,549df8db,7777c082dd900b3f0ea313944232be401e5e7fa1f07da15c543ffcfda4caee28,.png,generic_apk_member,False,[],
res/drawable-ldrtl-xhdpi-v17/abc_ic_menu_cut_mtrl_alpha.png,494,494,fd3b518e,5d01a80f82b4c5874f20d78183037fb55504c6c3384458ad29b4535bdb951cac,.png,generic_apk_member,False,[],
res/drawable-ldrtl-xhdpi-v17/abc_spinner_mtrl_am_alpha.9.png,417,417,3c853cf4,77f0ebab2416404eb1d562342e431541d885686dd1e49d6dc93be1a86c2273c4,.png,generic_apk_member,False,[],
res/drawable-ldrtl-xxhdpi-v17/abc_ic_menu_copy_mtrl_am_alpha.png,260,260,ccbf9f8a,2a1a3f842d056e6e7e7e0cb9e075a13d3a3f0f8edc4c41c40fa0bc3506132f55,.png,generic_apk_member,False,[],
res/drawable-ldrtl-xxhdpi-v17/abc_ic_menu_cut_mtrl_alpha.png,705,705,7ab4d01c,3bb7e79f3c1251e2124633b92af3c6542fbfe334c83b8dd76ae4146da8b5afc0,.png,generic_apk_member,False,[],
res/drawable-ldrtl-xxhdpi-v17/abc_spinner_mtrl_am_alpha.9.png,525,525,c8e02261,007dbf5fa2dc466a4940b0a6a73dab48cb721f64d358f71ff35aaadb9630b5ec,.png,generic_apk_member,False,[],
res/drawable-ldrtl-xxxhdpi-v17/abc_ic_menu_copy_mtrl_am_alpha.png,325,325,3fa87e1c,abe7431e3f1d57ccf502aecd1cc6abdc35b2d8d8023c440b6a4c3f0012a6b787,.png,generic_apk_member,False,[],
res/drawable-ldrtl-xxxhdpi-v17/abc_ic_menu_cut_mtrl_alpha.png,905,905,0f2326e1,160f6327240b59ec3534eefe0d4ea6dbd585e01d1357d870e910c5594016dc96,.png,generic_apk_member,False,[],
res/drawable-ldrtl-xxxhdpi-v17/abc_spinner_mtrl_am_alpha.9.png,437,437,3b70c5f0,8c3de5389a4fedf23b1efdf1c7737ca7eb44f381c22369153dfa972613a4c448,.png,generic_apk_member,False,[],
res/drawable-mdpi-v11/_default_profile.png,405,405,f8c1aaab,a2ad5cd1e13da59e60d7fdc3395fa84fb2d4f3fdde5d245c25d264abb7d8da60,.png,generic_apk_member,False,[],
res/drawable-mdpi-v11/_default_profile_large.png,7147,7147,0e49ebe5,2ced78ab7b3cdffa5c4badfeb43609a77066793c29a7f4599f5cabf313fd59af,.png,generic_apk_member,False,[],
res/drawable-mdpi-v4/abc_ab_share_pack_mtrl_alpha.9.png,267,267,95bbccff,f94e2129180c0ba6924430374402456035dcd6b6fff7d05f6de7e24196a3af35,.png,generic_apk_member,False,[],
res/drawable-mdpi-v4/abc_btn_check_to_on_mtrl_000.png,214,214,6a5cd9b8,055d5f87b1bbb6677096bc7eb7eace57e40216cb97f2b2b926d26c1263f9abce,.png,generic_apk_member,False,[],
res/drawable-mdpi-v4/abc_btn_check_to_on_mtrl_015.png,321,321,18e8038a,caf1e473df6702c2a6a95d738f1d6f2b73196766b504e5ff333b3c8e747e047b,.png,generic_apk_member,False,[],
res/drawable-mdpi-v4/abc_btn_radio_to_on_mtrl_000.png,324,324,fe749af3,a547431febf108ccfa9588ab89b1078e387bb351eb54d772394332187f770b74,.png,generic_apk_member,False,[],
res/drawable-mdpi-v4/abc_btn_radio_to_on_mtrl_015.png,356,356,1cd824d4,c8825cd637e59a02500d8b7518562f0c91bef2edd971ba3e5ad0f416794d618e,.png,generic_apk_member,False,[],
res/drawable-mdpi-v4/abc_btn_switch_to_on_mtrl_00001.9.png,754,754,8637ab35,562cba1ad1b9abd502da9c03f4c10bb2bd728022c546f18059319f2ad293280e,.png,generic_apk_member,False,[],
res/drawable-mdpi-v4/abc_btn_switch_to_on_mtrl_00012.9.png,825,825,2c7b277c,b52228a35520e2d786e962e85013fe7f7c97ffb42677f3bdabc032fbb709952a,.png,generic_apk_member,False,[],
res/drawable-mdpi-v4/abc_cab_background_top_mtrl_alpha.9.png,216,216,4f558efa,fb71e11c090133a97fe84fa3b76a263b429c9032ec467854b0e32a3157a5eba5,.png,generic_apk_member,False,[],
res/drawable-mdpi-v4/abc_ic_commit_search_api_mtrl_alpha.png,173,173,0b399ef9,52549a8d0b6c35faf2795efdf6b4c5fe2cb34b7e8b1039cca7aa2769b6cab3d0,.png,generic_apk_member,False,[],
res/drawable-mdpi-v4/abc_ic_menu_copy_mtrl_am_alpha.png,133,133,c7100f0b,67691e44662856541bc59f56439342fd7ee9e985109d5a8819a4b746bc8718da,.png,generic_apk_member,False,[],
res/drawable-mdpi-v4/abc_ic_menu_cut_mtrl_alpha.png,251,251,70e50370,65b4b6e22b9ea2865bcc6eb2afc460a645cc39f642d6eaecea5a69b794813396,.png,generic_apk_member,False,[],
res/drawable-mdpi-v4/abc_ic_menu_paste_mtrl_am_alpha.png,152,152,ec79a2d0,4a5c839ab0ce8c0b23a47091bf6a69392c6e11e7e02f31e0889f12c0b1a27cca,.png,generic_apk_member,False,[],
res/drawable-mdpi-v4/abc_ic_menu_selectall_mtrl_alpha.png,139,139,b5ab766d,932b2f1a5d1f714742551df4e25b78af1d68d8c3972a3d97ad8d2c24dc13777b,.png,generic_apk_member,False,[],
res/drawable-mdpi-v4/abc_ic_menu_share_mtrl_alpha.png,270,270,b6dc9c3c,c8720833a338e04082376b430530f4119d3f22ee14e5dd434c06cfe2f0bccb53,.png,generic_apk_member,False,[],
res/drawable-mdpi-v4/abc_ic_star_black_16dp.png,193,193,89a28d10,296561a5dd3461d7c187f0b0f8db4aba6275c0970b5b1fd7b0417cb5b99c32bf,.png,generic_apk_member,False,[],
res/drawable-mdpi-v4/abc_ic_star_black_36dp.png,364,364,22b6d27f,59acf324bbe28eeccd97fe35ad6999a4ad01a36249bed046e06abfc538d53e53,.png,generic_apk_member,False,[],
res/drawable-mdpi-v4/abc_ic_star_black_48dp.png,467,467,595e2d54,dfc210d4a0201ecee66b48c01a5668e82b8b64851d634d74ec413bd65016e645,.png,generic_apk_member,False,[],
res/drawable-mdpi-v4/abc_ic_star_half_black_16dp.png,146,146,4f0bbca5,e44d95e57172603aa992ffdb6bb9a302f945f00b632a5f7c6c29b873161e9aa9,.png,generic_apk_member,False,[],
res/drawable-mdpi-v4/abc_ic_star_half_black_36dp.png,253,253,42ad22b7,c33c138bd35260d77be5eebafa08efbfe25d9ebb2d57d16da31caaf587fb0657,.png,generic_apk_member,False,[],
res/drawable-mdpi-v4/abc_ic_star_half_black_48dp.png,310,310,cf24b77b,a474ecb8578c539b514c1c9960de8b0c177a867340854272440e0e3499591413,.png,generic_apk_member,False,[],
res/drawable-mdpi-v4/abc_list_divider_mtrl_alpha.9.png,167,167,35642324,378694706fb7256dd2248e2af854efd71ec7e8885f61da2e16a2bd32fcf3d0a9,.png,generic_apk_member,False,[],
res/drawable-mdpi-v4/abc_list_focused_holo.9.png,222,222,b1ab9d03,8436624220fba246ae816a3aab379dfd7ff2a484284ab24c3af4989778705bb3,.png,generic_apk_member,False,[],
res/drawable-mdpi-v4/abc_list_longpressed_holo.9.png,211,211,78c37895,dbc0af61f440bb3f5382b8ea3fa578659f76c7a6aef620a68afc43a909f2e0e5,.png,generic_apk_member,False,[],
res/drawable-mdpi-v4/abc_list_pressed_holo_dark.9.png,207,207,0ec632f8,5d4161bf9482b5d2a2346cd3fa2739ec3203d995bebac02e89a732943368bbfc,.png,generic_apk_member,False,[],
res/drawable-mdpi-v4/abc_list_pressed_holo_light.9.png,207,207,7219c8a8,e98f192f013a9226010482ab8e14c7f215fb16bda3ccb0ddaec3ed0b27119e7c,.png,generic_apk_member,False,[],
res/drawable-mdpi-v4/abc_list_selector_disabled_holo_dark.9.png,217,217,bac90016,a15171ead4b1cd9b80c58b93c0efb453b0cf889b714cc859ee2c9b937f4b37d0,.png,generic_apk_member,False,[],
res/drawable-mdpi-v4/abc_list_selector_disabled_holo_light.9.png,217,217,ecd8775b,7c45e46e405f5b4a3d0c62a22e67010c3327022dd1c1f4bbccea1279a4d1ad74,.png,generic_apk_member,False,[],
res/drawable-mdpi-v4/abc_menu_hardkey_panel_mtrl_mult.9.png,541,541,c5fedfaf,c7954e2bfbd01e5bbc9d774dd4d743d3f8a26613129fac8071b741bab3018ab0,.png,generic_apk_member,False,[],
res/drawable-mdpi-v4/abc_popup_background_mtrl_mult.9.png,776,776,d0abe4f8,5c7c682ffb64f4b531de0f9549c0da11c337576e426618522bfd1d35a451a414,.png,generic_apk_member,False,[],
res/drawable-mdpi-v4/abc_scrubber_control_off_mtrl_alpha.png,159,159,52c2e8e3,5a6ca1d0d2fea53813da5b3c9037408087f9f753f58dd2e128a4a48f7689769f,.png,generic_apk_member,False,[],
res/drawable-mdpi-v4/abc_scrubber_control_to_pressed_mtrl_000.png,145,145,2df95774,9f856dd00a4f281d1198e6679ac8611fc67d301f28c07aea97504244ba16cb44,.png,generic_apk_member,False,[],
res/drawable-mdpi-v4/abc_scrubber_control_to_pressed_mtrl_005.png,197,197,a759a25f,6151450ece3ab9667213c3987b6d8fffa25baf9ff43d53bcd9c94fd8ea7616d0,.png,generic_apk_member,False,[],
res/drawable-mdpi-v4/abc_scrubber_primary_mtrl_alpha.9.png,203,203,d8f23e2a,5e3f13ee854fa41354ca7378358b99f8e41f3b1c9968c313b630b02de8704e6e,.png,generic_apk_member,False,[],
res/drawable-mdpi-v4/abc_scrubber_track_mtrl_alpha.9.png,194,194,822df711,9a9c940ea133f7e0ac8db6f06e13e852508633c21f8c71f297483165a06d92eb,.png,generic_apk_member,False,[],
res/drawable-mdpi-v4/abc_spinner_mtrl_am_alpha.9.png,327,327,a072df4e,0fa17d8754d6d163cc433f087cad6c083173ac87ad7097e76950a25eec5f3e90,.png,generic_apk_member,False,[],
res/drawable-mdpi-v4/abc_switch_track_mtrl_alpha.9.png,395,395,972e3ff3,62477adc74d4e6836e3c0e4b5337c37d748cb3f94033f42c629938ef18d38b41,.png,generic_apk_member,False,[],
res/drawable-mdpi-v4/abc_tab_indicator_mtrl_alpha.9.png,186,186,a87d0908,f62d7aa1f9297302a43332a59834755edbd3a38670b8c523614ae1366b5f947f,.png,generic_apk_member,False,[],
res/drawable-mdpi-v4/abc_text_select_handle_left_mtrl_dark.png,203,203,8303c87d,10db3e5a773571a4eda7d0bf0f4bb9e46b89298c283958855c59c25589ee7113,.png,generic_apk_member,False,[],
res/drawable-mdpi-v4/abc_text_select_handle_left_mtrl_light.png,203,203,214dfcbe,0fd2f53946eb93b3154f44bdafc8896ea93195a64ce5fc64049e8b7293cd6801,.png,generic_apk_member,False,[],
res/drawable-mdpi-v4/abc_text_select_handle_middle_mtrl_dark.png,311,311,1d985902,6174f17fb2ff9d8430a27a40df50700d32e36f6f3369d10d42adfb7978fe9bb3,.png,generic_apk_member,False,[],
res/drawable-mdpi-v4/abc_text_select_handle_middle_mtrl_light.png,310,310,40bc4240,5358737cb680ea1cdd6ba400d33316fabf872fd44f6a0e127bfc8bdd1632b374,.png,generic_apk_member,False,[],
res/drawable-mdpi-v4/abc_text_select_handle_right_mtrl_dark.png,187,187,3eb4a280,f662b87be9d327e0e86e3f4dba95531383ed0b19d3ec65857d87236d37fd2a35,.png,generic_apk_member,False,[],
res/drawable-mdpi-v4/abc_text_select_handle_right_mtrl_light.png,186,186,5910e5d8,7c8472b72441cc28a1ac53a08b4f0c14f310af338175ba6c46fd6342ac8ce2ff,.png,generic_apk_member,False,[],
res/drawable-mdpi-v4/abc_textfield_activated_mtrl_alpha.9.png,181,181,77ca704d,fa50162bdb3501c6b50cfa36c14dab9c94e48d57f558607ec9858124d70412f9,.png,generic_apk_member,False,[],
res/drawable-mdpi-v4/abc_textfield_default_mtrl_alpha.9.png,178,178,c56f26da,9fd37c82f87df00464554344ddddea55e480d09c33b505ac13252036d4d6276e,.png,generic_apk_member,False,[],
res/drawable-mdpi-v4/abc_textfield_search_activated_mtrl_alpha.9.png,178,178,6899209c,4bc8f4d13d2acccc1338f73ff90cd97695d9210e04de5da924215243c8950bf3,.png,generic_apk_member,False,[],
res/drawable-mdpi-v4/abc_textfield_search_default_mtrl_alpha.9.png,178,178,af91e7cc,b800fac7d2f0a75b17fad7009707ea49134919e48984e89815a9d24c0fa704d8,.png,generic_apk_member,False,[],
res/drawable-mdpi-v4/applovin_ic_baseline_add_circle_outline.png,276,276,514b619e,5970eeba35f0c156fd859e3a1647eafd98fe0a350f50025b9d202069a80588f8,.png,generic_apk_member,False,[],
res/drawable-mdpi-v4/applovin_ic_check_mark_bordered.png,240,240,a4005391,2849a6abca48346e432d29042d86995b401441f7a964e345739230730a0e3d0b,.png,generic_apk_member,False,[],
res/drawable-mdpi-v4/applovin_ic_check_mark_borderless.png,147,147,04944fdf,e4d18fbfe64f33a0cf831f6d63b510dda94c08af98b2cfafb95cfd266a21dc8d,.png,generic_apk_member,False,[],
res/drawable-mdpi-v4/applovin_ic_disclosure_arrow.png,113,113,8e780fe5,121af0dfd3c216ceb09ecf664f80dbfd280148da5eac95ccb57bc62b10818f85,.png,generic_apk_member,False,[],
res/drawable-mdpi-v4/applovin_ic_mediation_adjoe.png,2094,2094,79f15dbe,91bf472174563f10d63339cce157c666609d7de7ccc2156187db4deddc3fd23b,.png,generic_apk_member,False,[],
res/drawable-mdpi-v4/applovin_ic_mediation_admob.png,1966,1966,e72882f8,da4f4f8a48414cabaae9e29c428896b2910d3d49cc0c3269fa96f1a940220973,.png,generic_apk_member,False,[],
res/drawable-mdpi-v4/applovin_ic_mediation_amazon_marketplace.png,2171,2171,21cd2508,0138a19b341ddfbf02659af7c39b500297ec37c1e21d5e5e42a7ea4fc2e09d75,.png,generic_apk_member,False,[],
res/drawable-mdpi-v4/applovin_ic_mediation_applovin.png,2145,2145,b8dabacf,8f8533b83d6845457d60de74a4a22b5505235fa4182b39e3f0c39d5b3f329e0e,.png,generic_apk_member,False,[],
res/drawable-mdpi-v4/applovin_ic_mediation_bidmachine.png,1223,1223,80a5e593,e153092fa86cf9c9bc930d4e0cc559fcc3922db439e988607f2d3c2c37b234db,.png,generic_apk_member,False,[],
res/drawable-mdpi-v4/applovin_ic_mediation_bigo.png,1731,1731,71ad7f01,b5da8b8bd58643d101760f1d483512cb0d934a03df9d253f0ebac78614948bc0,.png,generic_apk_member,False,[],
res/drawable-mdpi-v4/applovin_ic_mediation_chartboost.png,1636,1636,f82621f4,f40dbcb3ef1ac75a006ed071769002b6e6b5b4c44fbea03217e1487079477410,.png,generic_apk_member,False,[],
res/drawable-mdpi-v4/applovin_ic_mediation_facebook.png,735,735,e1bb4a0a,3004835aaecab1ce48825c99d2b645a4c70e3be8f1392ef4e40877cf55eefbc2,.png,generic_apk_member,False,[],
res/drawable-mdpi-v4/applovin_ic_mediation_fyber.png,4568,4568,768cc7a6,4f77b8ee5ec773b04faae43ae8facd7c57b3e5f079445feab6b17e53608c5294,.png,generic_apk_member,False,[],
res/drawable-mdpi-v4/applovin_ic_mediation_google_ad_manager.png,1737,1737,3c45c50e,a6be21161b9d11c05f959f18bb75ee1ed691a0612fb85cac3852aa4f338c9c16,.png,generic_apk_member,False,[],
res/drawable-mdpi-v4/applovin_ic_mediation_inmobi.png,1030,1030,29aba88a,435472e3cf011d9dae3d485e5f56bddfd75844ec3153eef172099ad7caa1800c,.png,generic_apk_member,False,[],
res/drawable-mdpi-v4/applovin_ic_mediation_ironsource.png,1888,1888,6c843965,447fcc04bf7820d74e4d09094659ed44b1c0c56facb36400a8cddfc3d3c455dd,.png,generic_apk_member,False,[],
res/drawable-mdpi-v4/applovin_ic_mediation_line.png,1707,1707,0bc7ccd5,37977cfc0dae2ad7d5f4f77a6cfdb25fa7539d0b349b390fa3fb09f6eda2f0f6,.png,generic_apk_member,False,[],
res/drawable-mdpi-v4/applovin_ic_mediation_linkedin.png,2382,2382,a7a7a52c,8c2150f5a9221e4a6573a7e725e004dd825eea9e96d16cc51435aef1b986212b,.png,generic_apk_member,False,[],
res/drawable-mdpi-v4/applovin_ic_mediation_mintegral.png,4858,4858,ce222e5e,d99f94c121f0a4110c01be2653c5fa569254867771d8975badbba34d26732d5d,.png,generic_apk_member,False,[],
res/drawable-mdpi-v4/applovin_ic_mediation_mobilefuse.png,5517,5517,7421fc0e,9590f5d497bbd73b926c931ef716990830e2128590752abb57836ab203720457,.png,generic_apk_member,False,[],
res/drawable-mdpi-v4/applovin_ic_mediation_moloco.png,2026,2026,a7b8b0ab,a0e34107cd30006c08226dbe5c32eb303e0e938504522e2d83b20480e33b85b3,.png,generic_apk_member,False,[],
res/drawable-mdpi-v4/applovin_ic_mediation_mytarget.png,1960,1960,9490a8bd,39da5c920972ba2c2f1efe76fd64825f681eaadc4372ffc0226a47cbeb2766ff,.png,generic_apk_member,False,[],
res/drawable-mdpi-v4/applovin_ic_mediation_ogury_presage.png,1548,1548,ffa1f75e,cd0295764e5d144e07dfc913e1bc3536fe5193df65ba3308552d5f6b7ff9046d,.png,generic_apk_member,False,[],
res/drawable-mdpi-v4/applovin_ic_mediation_pangle.png,3103,3103,e152ac8c,3a123eecc7acca96c032c4f6a8c72e323f6a02c4e7ebaa70dae993c9e80db51d,.png,generic_apk_member,False,[],
res/drawable-mdpi-v4/applovin_ic_mediation_pubmatic.png,1189,1189,9ace6a54,462c2a73ea544652f18f5be20e88e890b275aaad1d988ba3dcc26c447d7e45db,.png,generic_apk_member,False,[],
res/drawable-mdpi-v4/applovin_ic_mediation_smaato.png,1968,1968,9e19120b,83e5cde960c403fbbd2ea499a3004aec60107c58455327a10d1771b8d25b91de,.png,generic_apk_member,False,[],
res/drawable-mdpi-v4/applovin_ic_mediation_tiktok.png,2740,2740,ce32a1d7,206fea78ded39492a8f47566bdea9f9d3dc3e5cc62f28489ed546f1e66156b52,.png,generic_apk_member,False,[],
res/drawable-mdpi-v4/applovin_ic_mediation_unity.png,1851,1851,f50a74fc,380907c18562cea2c9850a053a538661289c2f2a531b0fa5ad562c793e2969a7,.png,generic_apk_member,False,[],
res/drawable-mdpi-v4/applovin_ic_mediation_verve.png,1415,1415,8d111c1f,9d9a002697b0a19eca16022a9c506addfd8c800172a992581f04aed0490453b5,.png,generic_apk_member,False,[],
res/drawable-mdpi-v4/applovin_ic_mediation_vungle.png,2558,2558,418c17ed,1cf7ba5520861a4c80f3786048fc649408f5b88421b187308574ef521a8f1c2a,.png,generic_apk_member,False,[],
res/drawable-mdpi-v4/applovin_ic_mediation_yandex.png,1063,1063,7cd71b8e,bb27c98be44aa614f53469ec3e2036c39f6ff525ba8bc5fb829071c9c39ade33,.png,generic_apk_member,False,[],
res/drawable-mdpi-v4/applovin_ic_mediation_yso.png,2917,2917,892d9bf6,615219f2d054717999c67a786d1a1756f468b5a3f9b3ee4f96dbcc2a84705ee1,.png,generic_apk_member,False,[],
res/drawable-mdpi-v4/applovin_ic_pause_icon.png,231,231,0ba3521c,105a959cf22b32a90383d0bb6ea05068f8c47a38e4596829e21520904cf111ff,.png,generic_apk_member,False,[],
res/drawable-mdpi-v4/applovin_ic_play_icon.png,503,503,11c92100,5ce2e482e96eed1f2f0ff1edeaf6d0a96abd34d82c0e135b2ff77b4576d8ce43,.png,generic_apk_member,False,[],
res/drawable-mdpi-v4/applovin_ic_replay_icon.png,639,639,e0cfa30f,ce568e166f758e136911d3baca1f5d9ac73f937456db1e6c71880347b761c580,.png,generic_apk_member,False,[],
res/drawable-mdpi-v4/applovin_ic_warning.png,250,250,a2fad369,7d9127991eac9c230cced3c1cc8c1b680aa7575996a01ca9f6db632cc58a5480,.png,generic_apk_member,False,[],
res/drawable-mdpi-v4/applovin_ic_warning_outline.png,584,584,c9733cb1,0e0936455f45e5c844dbfbe394185e446a28212f8dff493f212b170c6de53242,.png,generic_apk_member,False,[],
res/drawable-mdpi-v4/applovin_ic_x_mark.png,236,236,1d92ecad,e7454e1b152887a3edb8fd450ae53ca093df56d72746ad5948426cb3cc1923be,.png,generic_apk_member,False,[],
res/drawable-mdpi-v4/common_google_signin_btn_icon_dark_normal_background.9.png,610,610,88698600,71bfd776b21b1102f26e31a0f6dc65d40de2cbae650c7528241d5cdc17eac991,.png,generic_apk_member,False,[],
res/drawable-mdpi-v4/common_google_signin_btn_icon_light_normal_background.9.png,500,500,c6f5722c,77d8cc5447360efba3b3f1659bea9680eccbe47e2aaa07424d562f0e5c8af829,.png,generic_apk_member,False,[],
res/drawable-mdpi-v4/common_google_signin_btn_text_dark_normal_background.9.png,615,615,4199e4d9,9635dab0f3c0b0557f3535d9655784f68130db57ce3920ae68c2d4cab4edd35e,.png,generic_apk_member,False,[],
res/drawable-mdpi-v4/common_google_signin_btn_text_light_normal_background.9.png,465,465,dd5d7c6f,08a416adad6c0e9bece3238674a76b24bbac2ce95c1cffca817b3c675ac69f6b,.png,generic_apk_member,False,[],
res/drawable-mdpi-v4/googleg_disabled_color_18.png,281,281,fa60669e,7c1e1629c95fb2603fbdeab93a8fbf30b9c80be11ef483d497f8a88e8f67bd6b,.png,generic_apk_member,False,[],
res/drawable-mdpi-v4/googleg_standard_color_18.png,562,562,76065920,788a3b9472e9a46e1b6b68d918cd1571914b732e93aab014d77f20be5374e9de,.png,generic_apk_member,False,[],
res/drawable-mdpi-v4/ic_call_answer.png,317,317,a24abe92,f2ff62f473d8a5e00a8b6c81c15be9a0536471c3d5a81e37d04bc3356ea81ca0,.png,generic_apk_member,False,[],
res/drawable-mdpi-v4/ic_call_answer_low.png,317,317,a24abe92,f2ff62f473d8a5e00a8b6c81c15be9a0536471c3d5a81e37d04bc3356ea81ca0,.png,generic_apk_member,False,[],
res/drawable-mdpi-v4/ic_call_answer_video.png,206,206,d61ca1a1,6306048ba5f7eca43e7bdadeefa9412180508486fd543e02de93d2a013e223f0,.png,generic_apk_member,False,[],
res/drawable-mdpi-v4/ic_call_answer_video_low.png,206,206,d61ca1a1,6306048ba5f7eca43e7bdadeefa9412180508486fd543e02de93d2a013e223f0,.png,generic_apk_member,False,[],
res/drawable-mdpi-v4/ic_call_decline.png,264,264,bd953c30,7e87b3e0229126dc3c2bdaddcd8f330f3bb5f7613a05024c3cd6445dd161f788,.png,generic_apk_member,False,[],
res/drawable-mdpi-v4/ic_call_decline_low.png,264,264,bd953c30,7e87b3e0229126dc3c2bdaddcd8f330f3bb5f7613a05024c3cd6445dd161f788,.png,generic_apk_member,False,[],
res/drawable-mdpi-v4/ic_launcher.png,3296,3296,d99468f7,5e28ed7ac0c422595c2a976d191e924c497b1458be83a64dbf88550101cecb0b,.png,generic_apk_member,False,[],
res/drawable-mdpi-v4/ic_notify.png,372,372,b4334c1c,04dd8247e3997bf7b665849a3ca6e6c26138852d67199c12082eab3ee393d789,.png,generic_apk_member,False,[],
res/drawable-mdpi-v4/ic_other_sign_in.png,262,262,948fa3f6,d566245d2a843aa80eca12b7d3915695a52daa7907a2ac6d492565cfde5f2a41,.png,generic_apk_member,False,[],
res/drawable-mdpi-v4/ic_passkey.png,506,506,4694bf50,0db962fceda243eac4375c58a457d177ba50b72a1ca5f74a1bd2670da4503b45,.png,generic_apk_member,False,[],
res/drawable-mdpi-v4/ic_password.png,229,229,7695d658,c3d08964761c8d13d12c8b1efdb602e62bea01b67c9a9fdf1b2df9eb59b63304,.png,generic_apk_member,False,[],
res/drawable-mdpi-v4/notification_bg_low_normal.9.png,215,215,d9fa55b7,2f7fbda0ba6e53e9a47e2fc0e24e32c447c613a5808c2d6285dc651e83a07ad7,.png,generic_apk_member,False,[],
res/drawable-mdpi-v4/notification_bg_low_pressed.9.png,223,223,b80ede38,e17761ed280edd93d7141bd504b70f9e9e15a8652288d9e6333bf4ce964ef844,.png,generic_apk_member,False,[],
res/drawable-mdpi-v4/notification_bg_normal.9.png,215,215,c135d194,a8676a1793ac8310ffb12986232df66df092d29c242aeedc2b73556c010d38dc,.png,generic_apk_member,False,[],
res/drawable-mdpi-v4/notification_bg_normal_pressed.9.png,223,223,ed1fee6a,99c14d6855b8be296d58017d3751b8dc849c47b6d1d80ab614ff9075080e461b,.png,generic_apk_member,False,[],
res/drawable-mdpi-v4/notify_panel_notification_icon_bg.png,98,98,2ea3830b,0d773e62c756422313262846c787e58f67e0ee87e45e1ae9942002e816c4cb9e,.png,generic_apk_member,False,[],
res/drawable-night-anydpi-v21/applovin_ic_baseline_add_circle_outline.xml,724,401,4d16e319,3443e1ad35651f634b3bb44b28bdb98a3000af5feefa8dc2dccaf00f1e7af591,.xml,generic_apk_member,False,[],
res/drawable-night-anydpi-v21/applovin_ic_warning_outline.xml,1128,536,c2606396,cd48b60126d09f32e3b4fc03b22e030ea836e71a9a24a5b6cc044d3ff5f25770,.xml,generic_apk_member,False,[],
res/drawable-night-hdpi-v8/applovin_ic_baseline_add_circle_outline.png,501,501,6517a7e3,bb9842f126bb7f27753dd7b31fe1619f784d1e18e534d88faa8218900786548d,.png,generic_apk_member,False,[],
res/drawable-night-hdpi-v8/applovin_ic_warning_outline.png,907,907,77780200,ea2a65b67ab573d4154fafc2d5e52fc90554e120d3f3785534689ec00e8cfc16,.png,generic_apk_member,False,[],
res/drawable-night-ldpi-v8/applovin_ic_baseline_add_circle_outline.png,247,247,d455d002,29f858c59a4a8f093c8768b80ff906e93e0f902be3e0bacccfc4ff89e6523394,.png,generic_apk_member,False,[],
res/drawable-night-ldpi-v8/applovin_ic_warning_outline.png,492,492,520b0c82,23a402477ebca3c9d8c4a4b4c1b7afed2ab08208e8420cb34205b86520ef51d5,.png,generic_apk_member,False,[],
res/drawable-night-mdpi-v8/applovin_ic_baseline_add_circle_outline.png,280,280,2f02638f,9aed32d7b9d1bdc8895d67978b9a2dd9ce305132bea0a348c94baa40f0f9c401,.png,generic_apk_member,False,[],
res/drawable-night-mdpi-v8/applovin_ic_warning_outline.png,576,576,79006fbc,f68e145f5c2175f434c6ab58c076bfae56ee5b772bd6fcbcd6caca9332bf74f0,.png,generic_apk_member,False,[],
res/drawable-night-xhdpi-v8/applovin_ic_baseline_add_circle_outline.png,519,519,569ef738,f8f1a21a95843afd63a233e2b264020178f0433ece4d3f40f8e6b461ed4d3a22,.png,generic_apk_member,False,[],
res/drawable-night-xhdpi-v8/applovin_ic_warning_outline.png,1246,1246,4e9691c8,744a761031a89a5464dad4ec8a531975a04dc631e6b702c8599a33c9039f0574,.png,generic_apk_member,False,[],
res/drawable-nodpi-v4/ic_launcher.png,6120,6120,df38c999,b9ddca2569bbdab40a57aa90507c157c904ddaeb69869b7b4474f8d0c9a680c5,.png,generic_apk_member,False,[],
res/drawable-v21/abc_action_bar_item_background_material.xml,264,152,3544f8f1,5c4046ca717bff82a55d3d4d3e5ee8635fbadfe64ac358aa396fd4664085ea60,.xml,generic_apk_member,False,[],
res/drawable-v21/abc_btn_colored_material.xml,1716,551,23136bc0,a10af62537f859a947100aadf1f55512f74bf6c9cf7b17048f4643f944b27a35,.xml,generic_apk_member,False,[],
res/drawable-v21/abc_dialog_material_background.xml,716,324,4330561c,0ed2f48b917e9fe41f754bc7b4f3673ffb309cfaa706d6e40dc3ca8586896947,.xml,generic_apk_member,False,[],
res/drawable-v21/abc_edit_text_material.xml,1172,464,d1e75248,1054efd204fb51ee13a5b605e2ce9a78a18a6285605383c6e9cce3ea39120392,.xml,generic_apk_member,False,[],
res/drawable-v21/abc_list_divider_material.xml,516,246,830da9c7,976c8b16e6a0728e6389e244e8f8e27d2c5dc8b55a4d20e6d4735a49a1058743,.xml,generic_apk_member,False,[],
res/drawable-v21/notification_action_background.xml,1180,466,660bc9b9,373b004e9e208711be5080d0a67140864b07a874bf824c8a5bb66254f12ce4cd,.xml,generic_apk_member,False,[],
res/drawable-v23/abc_control_background_material.xml,304,175,f11bfae2,eab0b1933584952c1dc6737cb90956751e5249190dd450837b3fb1fcd3b20315,.xml,generic_apk_member,False,[],
res/drawable-watch-v20/abc_dialog_material_background.xml,372,185,e87e5f7a,49f4ee033a368be6286501a7786bb178320100987f959bc33c98e7da1fc861f1,.xml,generic_apk_member,False,[],
res/drawable-watch-v20/common_google_signin_btn_text_dark_normal.xml,908,372,59655bab,875e448c7a745267646b9af225cf1f9da72af5ef92d695614157b03de91cfe22,.xml,generic_apk_member,False,[],
res/drawable-watch-v20/common_google_signin_btn_text_disabled.xml,1040,401,872ddd0f,4b05bb3dae47da923fa4a0b1d7ea65097083227cc8e44086937a9bf394eacea0,.xml,generic_apk_member,False,[],
res/drawable-watch-v20/common_google_signin_btn_text_light_normal.xml,872,363,54f3505f,451073e2085972f61478edcef3cf086cdf6ffeced138b4aa6cdca3040671e53e,.xml,generic_apk_member,False,[],
res/drawable-xhdpi-v11/_default_profile.png,1141,1141,04b91b7d,5e130a3ec7c52923c892a19ff0cad6abe5a79f08d6691e4dd8a22204586d26ea,.png,generic_apk_member,False,[],
res/drawable-xhdpi-v11/_default_profile_large.png,22541,22541,ee1dad6e,8fd4d6b4029df07628c414e24a4918a33ea22cbc4def6b944d1833ce2e37b422,.png,generic_apk_member,False,[],
res/drawable-xhdpi-v4/abc_ab_share_pack_mtrl_alpha.9.png,280,280,a6e7b9d8,a04708369abe0920ded20d87d58aebf6992ebb67efefa248a8421895efc5353f,.png,generic_apk_member,False,[],
res/drawable-xhdpi-v4/abc_btn_check_to_on_mtrl_000.png,281,281,ead36c57,43ccf1f0a5e9e9ed9a6df33e1b3d378d49dbc8dc60d83b1cdb985e5e48f52497,.png,generic_apk_member,False,[],
res/drawable-xhdpi-v4/abc_btn_check_to_on_mtrl_015.png,432,432,0c6db123,2fa524cda78d7ebd66164a896a042277b7a56b8658fb318fc700a114cb04f7b2,.png,generic_apk_member,False,[],
res/drawable-xhdpi-v4/abc_btn_radio_to_on_mtrl_000.png,651,651,22f95d51,d19092254aa4133fba8b7795fb5db560ad5dcd16c6f79201bec31b0f1e9b608b,.png,generic_apk_member,False,[],
res/drawable-xhdpi-v4/abc_btn_radio_to_on_mtrl_015.png,785,785,b236fd62,02ad0ea6ff5a560e947452c7d64f679afa2056b44f86ea3b707a1cb175c2ceb0,.png,generic_apk_member,False,[],
res/drawable-xhdpi-v4/abc_btn_switch_to_on_mtrl_00001.9.png,1526,1526,e329a7f5,1417574134c5e9321c0b18fea711a08448ccf49957f55e10cedafb13237510f7,.png,generic_apk_member,False,[],
res/drawable-xhdpi-v4/abc_btn_switch_to_on_mtrl_00012.9.png,1731,1731,307aa23f,4d2fe45a8169f368052c921230a268ba9f53ea5fedbcb09ff35107473551e50c,.png,generic_apk_member,False,[],
res/drawable-xhdpi-v4/abc_cab_background_top_mtrl_alpha.9.png,229,229,63663bff,f65a87efa2f53d6fe2d848cfca1f6c90aea5e9fc67ff47f5949a6dd2a76ebe1b,.png,generic_apk_member,False,[],
res/drawable-xhdpi-v4/abc_ic_commit_search_api_mtrl_alpha.png,228,228,a0cfd3d4,b84a277807f8f3bb5378e6353d99d1344aee10bd9a05f47c30afe3832d9ca7f0,.png,generic_apk_member,False,[],
res/drawable-xhdpi-v4/abc_ic_menu_copy_mtrl_am_alpha.png,178,178,7c36cc60,5ba9c2942af438e91641866c30980e3f0b04e7b12f240a27065b25693c55b5d2,.png,generic_apk_member,False,[],
res/drawable-xhdpi-v4/abc_ic_menu_cut_mtrl_alpha.png,492,492,879b4472,9ef598e2252c811ba1b0b031e5cf27df847823b6253742f8073ee70b90981019,.png,generic_apk_member,False,[],
res/drawable-xhdpi-v4/abc_ic_menu_paste_mtrl_am_alpha.png,243,243,03daacdd,ed2b544497195069d55663bd91b5cbfa5c732b9d4d264ef201394d8ef59deb6e,.png,generic_apk_member,False,[],
res/drawable-xhdpi-v4/abc_ic_menu_selectall_mtrl_alpha.png,183,183,1dc5daa5,ee488c63592ff9f23e0e95db62c53a33a5436563c2355278ea8f61d75550671e,.png,generic_apk_member,False,[],
res/drawable-xhdpi-v4/abc_ic_menu_share_mtrl_alpha.png,480,480,b9af7f4f,0fecc437ee0b6811e0fb3dfeb4187a8ee2fc986ccb32ab013e23eb9ceb3d6e23,.png,generic_apk_member,False,[],
res/drawable-xhdpi-v4/abc_ic_star_black_16dp.png,333,333,3f8a65d1,b1cbc88df13b9ce605b7dc25119d727f9fa1e1f281233d3048eff1b93dade2ec,.png,generic_apk_member,False,[],
res/drawable-xhdpi-v4/abc_ic_star_black_36dp.png,652,652,8e8d8274,ea66f88b27e335bffdf92393eb6f120fab4ee061b1a59b25156d9438d422ee64,.png,generic_apk_member,False,[],
res/drawable-xhdpi-v4/abc_ic_star_black_48dp.png,887,887,ced98925,d1085c65f242164c4595988135d5b5fdb08086d5cca6d6c010d77c8530ccb204,.png,generic_apk_member,False,[],
res/drawable-xhdpi-v4/abc_ic_star_half_black_16dp.png,235,235,fab97236,0b1332b42af152e06cbf9a43d4a44b14359c364ae1c53051e24b9485d2198f7e,.png,generic_apk_member,False,[],
res/drawable-xhdpi-v4/abc_ic_star_half_black_36dp.png,421,421,5c88f962,ca4f1a1fb757f2a43b213914da7b135db9f00221e877ecf61abd22cb4136c4ff,.png,generic_apk_member,False,[],
res/drawable-xhdpi-v4/abc_ic_star_half_black_48dp.png,548,548,a981f321,055eb7e5dbcfc542c8c8a73f9afcc01716034a3c1ebf95b9c5fa5be8a51f4192,.png,generic_apk_member,False,[],
res/drawable-xhdpi-v4/abc_list_divider_mtrl_alpha.9.png,167,167,35642324,378694706fb7256dd2248e2af854efd71ec7e8885f61da2e16a2bd32fcf3d0a9,.png,generic_apk_member,False,[],
res/drawable-xhdpi-v4/abc_list_focused_holo.9.png,244,244,bde23956,671d27e5a4b42111174b888d57118e05075a556d703bd54f9335202d2a416791,.png,generic_apk_member,False,[],
res/drawable-xhdpi-v4/abc_list_longpressed_holo.9.png,214,214,84a788a6,727d78fec3f903a271c0476a50e8c064d28b32f7829b016ae0a07da53b83b281,.png,generic_apk_member,False,[],
res/drawable-xhdpi-v4/abc_list_pressed_holo_dark.9.png,209,209,54cd03ea,636d7f24be686e9515f7d6830ce936baa0a5416468220e94e8e257547967e22c,.png,generic_apk_member,False,[],
res/drawable-xhdpi-v4/abc_list_pressed_holo_light.9.png,209,209,4644c6e1,07bf5ce5ff8937257afd146062c9bf5ca1f4115a1643529d81845d0202c7ddef,.png,generic_apk_member,False,[],
res/drawable-xhdpi-v4/abc_list_selector_disabled_holo_dark.9.png,236,236,585bf0cc,fd719e497aaf091c3166cb51bf4404ca4bc3b6545dfbefbfaa0cf31f0790b7d1,.png,generic_apk_member,False,[],
res/drawable-xhdpi-v4/abc_list_selector_disabled_holo_light.9.png,235,235,30459f98,cc162d4b8c12ee329e37c8d651442f0ef0a9d1c6f88ef352e54da8dfd9a50dfe,.png,generic_apk_member,False,[],
res/drawable-xhdpi-v4/abc_menu_hardkey_panel_mtrl_mult.9.png,966,966,9df27093,006f2dc25bacc39e736bc720e26a6545df7427b6c103b2dd77c1eb872c3f3306,.png,generic_apk_member,False,[],
res/drawable-xhdpi-v4/abc_popup_background_mtrl_mult.9.png,1544,1544,3d40754b,1f7dd8b3521353af473f41850887e9385cf61c390c6e34e4e2bd991921ccfdf8,.png,generic_apk_member,False,[],
res/drawable-xhdpi-v4/abc_scrubber_control_off_mtrl_alpha.png,267,267,f1f6a033,777a1cf53820aa467267d1f64e5f923656f93047038ea6375bcce257b517930e,.png,generic_apk_member,False,[],
res/drawable-xhdpi-v4/abc_scrubber_control_to_pressed_mtrl_000.png,267,267,6a20e5ff,4133830f43f9baa0b0ed3cc80d798b20071da9f51fe12ef6b0bd09abc8d5d33a,.png,generic_apk_member,False,[],
res/drawable-xhdpi-v4/abc_scrubber_control_to_pressed_mtrl_005.png,391,391,4fcf3d5b,29953bd8019dd96b7701329b9a203cff63460519549b9cca9a5eb74f9b1b0930,.png,generic_apk_member,False,[],
res/drawable-xhdpi-v4/abc_scrubber_primary_mtrl_alpha.9.png,208,208,a531b28b,c0f930a722a16df986923bf419081d1090f9476a7287c8b655ab36ffc08064cb,.png,generic_apk_member,False,[],
res/drawable-xhdpi-v4/abc_scrubber_track_mtrl_alpha.9.png,198,198,18ddec29,6b2372b414abc1cfcfd71c98f51901a84c46c5b712046aae019b6110de265175,.png,generic_apk_member,False,[],
res/drawable-xhdpi-v4/abc_spinner_mtrl_am_alpha.9.png,448,448,da0d8e3e,c63a94e7136ceeef43b0ade8b49e8e1ef4d1060d584f6cb9ab58b7d6eaa16312,.png,generic_apk_member,False,[],
res/drawable-xhdpi-v4/abc_switch_track_mtrl_alpha.9.png,618,618,ed2cba2f,468607601140955b21c6091897bfc65f609d386fa68d56c199201895e03b3fbc,.png,generic_apk_member,False,[],
res/drawable-xhdpi-v4/abc_tab_indicator_mtrl_alpha.9.png,194,194,945f2990,b8b26708d71b4c7a5cf5311abcdfa741fee39c9f5e1383d49ca0c677fcdb03cd,.png,generic_apk_member,False,[],
res/drawable-xhdpi-v4/abc_text_select_handle_left_mtrl_dark.png,336,336,c1258581,1c006498e3e7a98df88eab5bc68b2d2a91465999832bddb8f7301fcc1a53a9b1,.png,generic_apk_member,False,[],
res/drawable-xhdpi-v4/abc_text_select_handle_left_mtrl_light.png,335,335,6d48e543,83a46279e2f65d852c9452c86e38326ef9f3def6f5bec2ef1416c72815a5fbfa,.png,generic_apk_member,False,[],
res/drawable-xhdpi-v4/abc_text_select_handle_middle_mtrl_dark.png,583,583,852892ff,14c060f659d20b0d865f48df245f39741d42f89cb86cdc5b1fd478fcc61edd1a,.png,generic_apk_member,False,[],
res/drawable-xhdpi-v4/abc_text_select_handle_middle_mtrl_light.png,585,585,1361e44f,3dbbad926d540586d6bd1230f3293108774c95e73f6604f0bbf88c3a11530223,.png,generic_apk_member,False,[],
res/drawable-xhdpi-v4/abc_text_select_handle_right_mtrl_dark.png,319,319,2038073f,35b8d146dbd43d7b48448da1e991e1e9ccfd98cbb3c4e73e67a9bd3e9e6b819a,.png,generic_apk_member,False,[],
res/drawable-xhdpi-v4/abc_text_select_handle_right_mtrl_light.png,318,318,5390d72d,6b45aef8bf43767c2c1c83dee2bd9ceb9017994fbef6613891e6bc215e2a5ee3,.png,generic_apk_member,False,[],
res/drawable-xhdpi-v4/abc_textfield_activated_mtrl_alpha.9.png,189,189,3408a58b,23439b8899f4b63d68ae9385eaa49286a4b95b95f79b8b8d37de3b0e4fdbc747,.png,generic_apk_member,False,[],
res/drawable-xhdpi-v4/abc_textfield_default_mtrl_alpha.9.png,187,187,52c5a6c3,0caaea0060b3772ba433c0e9e3a5452f26f3421ba5023c855157270bc675b309,.png,generic_apk_member,False,[],
res/drawable-xhdpi-v4/abc_textfield_search_activated_mtrl_alpha.9.png,184,184,d42327b8,5ae9594240ada5e53500e2524215b3e2b3c91e6dd95b05e0acdd27d9d8c57e72,.png,generic_apk_member,False,[],
res/drawable-xhdpi-v4/abc_textfield_search_default_mtrl_alpha.9.png,182,182,2d0b1d64,779a2606a931a399a2c9d3bd01f3c510c412f2916478aa687e430e6003b0a5f3,.png,generic_apk_member,False,[],
res/drawable-xhdpi-v4/applovin_ic_baseline_add_circle_outline.png,514,514,f990dda1,c9df105e79134c0aaf24e5fada8c74d574d118b13714e9b1cae567c83d86a177,.png,generic_apk_member,False,[],
res/drawable-xhdpi-v4/applovin_ic_check_mark_bordered.png,463,463,21b8b45e,64e00cbfcec2d9937b6a93b29242f7d8cb765a49dd04879382e35d70d8b324d3,.png,generic_apk_member,False,[],
res/drawable-xhdpi-v4/applovin_ic_check_mark_borderless.png,199,199,c176cda4,3c8099d7a50f3205635ae0c68f22e16a6bd4ed45b974bcd3c6a530c41c48b072,.png,generic_apk_member,False,[],
res/drawable-xhdpi-v4/applovin_ic_disclosure_arrow.png,148,148,2b9a9797,c4605ec6d83b9ec023dfcd4bd56c767d68f4ab4885a1781e026248bece32ec98,.png,generic_apk_member,False,[],
res/drawable-xhdpi-v4/applovin_ic_mediation_adjoe.png,3526,3526,0e93e3de,e616ebfd4d56f84479786fc7c913de3e88c3fd5e3d9982eb18af48ff30ece6fd,.png,generic_apk_member,False,[],
res/drawable-xhdpi-v4/applovin_ic_mediation_admob.png,4163,4163,20e5e60f,ebf9ec80678514b3d6d100aad292ec72ef058b6aab01f2ead7a7e3e81471f8c2,.png,generic_apk_member,False,[],
res/drawable-xhdpi-v4/applovin_ic_mediation_amazon_marketplace.png,4237,4237,2534f1ef,ab54c4cf00175f485385b18153b1195fdf27e57e9c40c80cd3fd7e5c1e071e1c,.png,generic_apk_member,False,[],
res/drawable-xhdpi-v4/applovin_ic_mediation_applovin.png,4363,4363,993e755b,c92c56f0eb46be36ca1529ee4639d1aba682045d86e731569a53e971e0b4a419,.png,generic_apk_member,False,[],
res/drawable-xhdpi-v4/applovin_ic_mediation_bidmachine.png,2097,2097,66264c1a,5852da7fcc7e3bf30eb8e0e6fa523f6a3ffff33945c8b884f4bbe659321e2633,.png,generic_apk_member,False,[],
res/drawable-xhdpi-v4/applovin_ic_mediation_bigo.png,3413,3413,5101778a,dd5e6e23ca5e84e2be93607b9cc92218ac555cf6919da29789d807193066f7d9,.png,generic_apk_member,False,[],
res/drawable-xhdpi-v4/applovin_ic_mediation_chartboost.png,2776,2776,f729e424,22a1c919e6d081fa63fbb39555053efc6155edbc99d24db5157d1c7e2806e917,.png,generic_apk_member,False,[],
res/drawable-xhdpi-v4/applovin_ic_mediation_facebook.png,1207,1207,897b76fe,1bb2ed5aa3cb83d58a894d96391bdebe2efa102b322cab675153395f682c9b67,.png,generic_apk_member,False,[],
res/drawable-xhdpi-v4/applovin_ic_mediation_fyber.png,9704,9704,91b0d120,5803b07ae6fe550fcaf7a7b39ed2d18369694a49fb0316eff5c16973b8a650ca,.png,generic_apk_member,False,[],
res/drawable-xhdpi-v4/applovin_ic_mediation_google_ad_manager.png,3235,3235,e72e1197,8ac35926738c4bff2e25c7900050df16985ae1a1023fd4abf63dacd1fc2a46eb,.png,generic_apk_member,False,[],
res/drawable-xhdpi-v4/applovin_ic_mediation_inmobi.png,1879,1879,024aaed6,bc1eb2c44fce42a71a4ebc87ba9a8c097fdb28b4eb431bef3105ec0bc695e63f,.png,generic_apk_member,False,[],
res/drawable-xhdpi-v4/applovin_ic_mediation_ironsource.png,3089,3089,ffcdef60,d0603e9cdf1f816d727238de38bfd287e98dbc4c89eeb963d54953fe7538acc4,.png,generic_apk_member,False,[],
res/drawable-xhdpi-v4/applovin_ic_mediation_line.png,3580,3580,a38d6c4c,9b38ee1a6cf8778d8bfd0cfc1429ba2c4d8aaf615b72c6e6a327316820da8e81,.png,generic_apk_member,False,[],
res/drawable-xhdpi-v4/applovin_ic_mediation_linkedin.png,4250,4250,d6d79216,0b698e669fa629abaa15852a09f298e6490df61da3131cbef86e820569fbb2ed,.png,generic_apk_member,False,[],
res/drawable-xhdpi-v4/applovin_ic_mediation_mintegral.png,9630,9630,d8c0f827,3c2b2725ea9964cc2e7db29c24a3cf7b170df1c4b836b429cf14b09de7b57522,.png,generic_apk_member,False,[],
res/drawable-xhdpi-v4/applovin_ic_mediation_mobilefuse.png,11249,11249,9ba9ebfe,7af4e0526d0a18c53929a7176143edd4d49d405f9b2a7929d5b9ba16a219e1b1,.png,generic_apk_member,False,[],
res/drawable-xhdpi-v4/applovin_ic_mediation_moloco.png,3331,3331,8a9f86de,9c6de802e2d1d44ec191b6149ec5a5573ba9e1863bd7bfee028c794c271e8c81,.png,generic_apk_member,False,[],
res/drawable-xhdpi-v4/applovin_ic_mediation_mytarget.png,5306,5306,5dbc7e28,66af8118171bfe74be475cfe992584335f6f2bc0738396ac2c56fcee7589021d,.png,generic_apk_member,False,[],
res/drawable-xhdpi-v4/applovin_ic_mediation_ogury_presage.png,2705,2705,0295f8ab,f8b86e298d1a90a1e50d3d56de65347bd601e487885d1a7ac9b4b05191e5c020,.png,generic_apk_member,False,[],
res/drawable-xhdpi-v4/applovin_ic_mediation_pangle.png,7248,7248,1838ae02,0012ed7580d5a4fa508cfec88d955bbea7dcf5ba553758eee76fb9bb62f9f784,.png,generic_apk_member,False,[],
res/drawable-xhdpi-v4/applovin_ic_mediation_pubmatic.png,2473,2473,ef2ef50d,9fac29f89e27b6887e6ed16f2c5cab16bfbc1c2876aa079e08812fba268daab6,.png,generic_apk_member,False,[],
res/drawable-xhdpi-v4/applovin_ic_mediation_smaato.png,3322,3322,324a9558,ef51cdd94e36fddb1e69ef4f2c5747fe3dde154a0a1853ac63688ba899810138,.png,generic_apk_member,False,[],
res/drawable-xhdpi-v4/applovin_ic_mediation_tiktok.png,5932,5932,fa7ea884,8c85fbe26d99327c8e624f3d6683815894f007a53b3bb530ac608238102470a0,.png,generic_apk_member,False,[],
res/drawable-xhdpi-v4/applovin_ic_mediation_unity.png,3016,3016,01c953aa,8825e763f9d3c2139ba7ea8d7fc9ff97c55fc7c16e301a75ee2e3867dd562322,.png,generic_apk_member,False,[],
res/drawable-xhdpi-v4/applovin_ic_mediation_verve.png,2379,2379,a94bde31,d5bf8778ad6d13f1a5ee9fa05a11263f65141aa3adac42d0855d542c451412c5,.png,generic_apk_member,False,[],
res/drawable-xhdpi-v4/applovin_ic_mediation_vungle.png,4279,4279,c5cbf176,ee875c3f7d4fecba5fe845c8406328d60b53b89e1b389b32b9d85f2f83e04913,.png,generic_apk_member,False,[],
res/drawable-xhdpi-v4/applovin_ic_mediation_yandex.png,2014,2014,5288293e,3e829a0ffd616b19822fc72d5746a3f71b0a0a2dfb94fbd0e2cb359a7e83f18f,.png,generic_apk_member,False,[],
res/drawable-xhdpi-v4/applovin_ic_mediation_yso.png,5947,5947,d9cf80c7,f18dbaea799699d6660299057f33bb85d53d7a0317fa289cbc24a8b74051247f,.png,generic_apk_member,False,[],
res/drawable-xhdpi-v4/applovin_ic_pause_icon.png,212,212,bde1fd61,119671bf0543c85d7da7a399db111235022b70e77f7f76a83da49c6b1ba490fc,.png,generic_apk_member,False,[],
res/drawable-xhdpi-v4/applovin_ic_play_icon.png,897,897,98ce0305,7e9ffde58635845aaf15860f8558ccb7ad1b5a2a739e64212e48a99f29f33e15,.png,generic_apk_member,False,[],
res/drawable-xhdpi-v4/applovin_ic_replay_icon.png,935,935,c25b76e1,4b8ccc438f8e06d52f2f79caa09c9419896d8022bcfeaab212cf17984eb9b21a,.png,generic_apk_member,False,[],
res/drawable-xhdpi-v4/applovin_ic_warning.png,385,385,a1672293,3305818f9b39bd7c07d832b714b9744b89b39cdb2345e94bc89b6f049517e076,.png,generic_apk_member,False,[],
res/drawable-xhdpi-v4/applovin_ic_warning_outline.png,1209,1209,afeba759,69db0daf2486bc69bd4c981c5e24dd954be64680d111ff1e77be9802a7d1742a,.png,generic_apk_member,False,[],
res/drawable-xhdpi-v4/applovin_ic_x_mark.png,441,441,977d1896,096ad59a2a9ffcc8082651ec5fec488c6b97b3f76f432988f45b5f07f0e9867b,.png,generic_apk_member,False,[],
res/drawable-xhdpi-v4/common_full_open_on_phone.png,489,489,cc7eabe9,e816dc0998f4ee90d7b630f17e16fcc2e72d91078c5315adaac4bc2da4c226d7,.png,generic_apk_member,False,[],
res/drawable-xhdpi-v4/common_google_signin_btn_icon_dark_normal_background.9.png,1032,1032,f4f0cee1,9d62d3eabefaf89e6018d3902cc8c4bb888a8891d9639deda8fb58ba60fe1822,.png,generic_apk_member,False,[],
res/drawable-xhdpi-v4/common_google_signin_btn_icon_light_normal_background.9.png,776,776,c1b93349,f62bf21d152a276ae8d9a0d62997f12c60d64ec812fd973ff60e3295deee34b4,.png,generic_apk_member,False,[],
res/drawable-xhdpi-v4/common_google_signin_btn_text_dark_normal_background.9.png,1086,1086,fecc21a4,fcb4416a4f5f5b4d72854d91722289789b30bb562c6f0f57975818ab555cc809,.png,generic_apk_member,False,[],
res/drawable-xhdpi-v4/common_google_signin_btn_text_light_normal_background.9.png,808,808,db1aed88,092bf333080e2b3ece63147ea15e6ac04915968c010e5c3f85f8cb650d61ecb7,.png,generic_apk_member,False,[],
res/drawable-xhdpi-v4/googleg_disabled_color_18.png,516,516,edf1a67b,6083523032ab5df9e6cb82e4ff3d48af7738900a2e9b23d991beaa2eba7862e9,.png,generic_apk_member,False,[],
res/drawable-xhdpi-v4/googleg_standard_color_18.png,982,982,bc0a585a,90c44675525e290332f7dba6adb97c7af3b8299e56cf5211e893d0e1dec41547,.png,generic_apk_member,False,[],
res/drawable-xhdpi-v4/ic_call_answer.png,623,623,cc930448,e64c2e57627e24ec1ed37e67344c2bf31d1d6bdd2d8d715840c1edf0bd1425b6,.png,generic_apk_member,False,[],
res/drawable-xhdpi-v4/ic_call_answer_low.png,623,623,cc930448,e64c2e57627e24ec1ed37e67344c2bf31d1d6bdd2d8d715840c1edf0bd1425b6,.png,generic_apk_member,False,[],
res/drawable-xhdpi-v4/ic_call_answer_video.png,290,290,e4259315,5d02a81102644428ca639aec3df626eeb4a839a9ddc76fc2b158b04461d7f00f,.png,generic_apk_member,False,[],
res/drawable-xhdpi-v4/ic_call_answer_video_low.png,290,290,e4259315,5d02a81102644428ca639aec3df626eeb4a839a9ddc76fc2b158b04461d7f00f,.png,generic_apk_member,False,[],
res/drawable-xhdpi-v4/ic_call_decline.png,452,452,ec5a7046,9a9a30c305022a2f8e075d2ed7d33f5c7711bba8d0d0385511fdb62f89f208e3,.png,generic_apk_member,False,[],
res/drawable-xhdpi-v4/ic_call_decline_low.png,452,452,ec5a7046,9a9a30c305022a2f8e075d2ed7d33f5c7711bba8d0d0385511fdb62f89f208e3,.png,generic_apk_member,False,[],
res/drawable-xhdpi-v4/ic_other_sign_in.png,455,455,ab72aecf,9694c1aef0529e83f8f6c8fa66f6f1f4617fa59375303b45b267e2eb031b2a19,.png,generic_apk_member,False,[],
res/drawable-xhdpi-v4/ic_passkey.png,953,953,5ca69b7d,c19d79a63930b9953bddda9b2f3d8c54dd7a4b085d7d38169d39ce4f63870620,.png,generic_apk_member,False,[],
res/drawable-xhdpi-v4/ic_password.png,370,370,fe00a48e,5adb2fd5156bdcaedab25b99369705f6c9a0749d716fd2d828b381a8bdca6fe6,.png,generic_apk_member,False,[],
res/drawable-xhdpi-v4/notification_bg_low_normal.9.png,221,221,3ad03275,3e09afa21c45372c035598c017c8fb405a6d678e6cb84dc857581cb3b40e482d,.png,generic_apk_member,False,[],
res/drawable-xhdpi-v4/notification_bg_low_pressed.9.png,252,252,c8900a8e,20343222f9f79dd565c3a2248494d452e70820ac1c437173c38badd45f962afd,.png,generic_apk_member,False,[],
res/drawable-xhdpi-v4/notification_bg_normal.9.png,221,221,9944f31a,559bf783d765c02338e97952bdc9c6689c7ff99090b8c9813369118da8b080f0,.png,generic_apk_member,False,[],
res/drawable-xhdpi-v4/notification_bg_normal_pressed.9.png,247,247,c29ac558,d27af435101ca4cbec0c840bd30687918cd39eb83aab1487420855623a45998b,.png,generic_apk_member,False,[],
res/drawable-xhdpi-v4/notify_panel_notification_icon_bg.png,138,138,04576501,b44eeda34d7a529c2fe55719eb098fa29707caa91d18de06a7a775d6e6bcf973,.png,generic_apk_member,False,[],
res/drawable-xxhdpi-v11/_default_profile_large.png,44656,44656,f47fa6a9,7e8525ec0d6c61607760f04085a0d200eecd7da676ecd5ad45d586af78d4f5e9,.png,generic_apk_member,False,[],
res/drawable-xxhdpi-v4/abc_ab_share_pack_mtrl_alpha.9.png,286,286,22603145,f81412c5131046a83f5d9de1d10e2b4b31f6e2657c4c08743825cd40f605fdd3,.png,generic_apk_member,False,[],
res/drawable-xxhdpi-v4/abc_btn_check_to_on_mtrl_000.png,307,307,33d55ad0,18620c151330289bba196c1cc1e2699f98061a35be3551876296a8c4d592ba17,.png,generic_apk_member,False,[],
res/drawable-xxhdpi-v4/abc_btn_check_to_on_mtrl_015.png,593,593,c02d00e1,71a2ba63a5d4e91f7c14324fa1c3eb9290b73cb7b3c7828018d05adb1cfaab45,.png,generic_apk_member,False,[],
res/drawable-xxhdpi-v4/abc_btn_radio_to_on_mtrl_000.png,984,984,f7245981,0eed99d0a5e36a468b557605e6ccea495c029f3569844a45f4b5d8dadd77d4a7,.png,generic_apk_member,False,[],
res/drawable-xxhdpi-v4/abc_btn_radio_to_on_mtrl_015.png,1208,1208,b3414d08,5e0799a0d0b5d43ed5ae3a378aaa0847a810ceeff58db9a0f7836ebf4ef17146,.png,generic_apk_member,False,[],
res/drawable-xxhdpi-v4/abc_btn_switch_to_on_mtrl_00001.9.png,2463,2463,abacf2d2,0f8db605d63bf1d6d35fd647d592ac4e70c9a712ff5d1c2114c8d58a88b8228a,.png,generic_apk_member,False,[],
res/drawable-xxhdpi-v4/abc_btn_switch_to_on_mtrl_00012.9.png,2834,2834,da81b970,1f9538745cfd3209cc09ed451c198302aac3a1c5da41e87394377814b1bcc5ee,.png,generic_apk_member,False,[],
res/drawable-xxhdpi-v4/abc_cab_background_top_mtrl_alpha.9.png,237,237,813f61b1,d68d03967fb222f7e35772a2e0637f73b4dd0d6cbb9ee3f2b4432d2f90c257db,.png,generic_apk_member,False,[],
res/drawable-xxhdpi-v4/abc_ic_commit_search_api_mtrl_alpha.png,224,224,5d9d5f1a,f5f349c1e949f0e66374f83b667fc0d0f477379614f36912ade22a299f2194d5,.png,generic_apk_member,False,[],
res/drawable-xxhdpi-v4/abc_ic_menu_copy_mtrl_am_alpha.png,263,263,e432e225,a1e1aa0774931b73151423fde85ad5ee015e53ca9ddea866326da1266a12b285,.png,generic_apk_member,False,[],
res/drawable-xxhdpi-v4/abc_ic_menu_cut_mtrl_alpha.png,710,710,ab0f1725,d68cbd5799fa3e1430fcc612bd1b036e1c8c718b1c8bd0d6b5a99f259abd69e8,.png,generic_apk_member,False,[],
res/drawable-xxhdpi-v4/abc_ic_menu_paste_mtrl_am_alpha.png,348,348,dbb1c6ea,d449f91355eac92dcaeabdca61f9a9f874ec62a6883bb0753cabc723546e7a8f,.png,generic_apk_member,False,[],
res/drawable-xxhdpi-v4/abc_ic_menu_selectall_mtrl_alpha.png,262,262,c3d9aa33,8c6e2a3c33890d72be345310e6e531778c25b9c9b143762c6c2bdee88f5fb0d0,.png,generic_apk_member,False,[],
res/drawable-xxhdpi-v4/abc_ic_menu_share_mtrl_alpha.png,700,700,d57b1a17,9e9a1933af8c2b41e3e73ec273fdbb65e59542c397174f2a61486903072bec38,.png,generic_apk_member,False,[],
res/drawable-xxhdpi-v4/abc_ic_star_black_16dp.png,459,459,22030140,fc004f9cd7503a9c4b419b178c2ba3e24aa191a14588039865be235507bddbda,.png,generic_apk_member,False,[],
res/drawable-xxhdpi-v4/abc_ic_star_black_36dp.png,983,983,6e9ee550,cb00a0e8306af78a96d6b4e9449b2f062f2b0f611adedcbbdbea4608ff0565f7,.png,generic_apk_member,False,[],
res/drawable-xxhdpi-v4/abc_ic_star_black_48dp.png,1291,1291,5d04e88f,a79b060d0edb66331bef8dd9a6c75b9506d15fd823c2a6b8579efb6249b85309,.png,generic_apk_member,False,[],
res/drawable-xxhdpi-v4/abc_ic_star_half_black_16dp.png,309,309,5f323132,5d2632dffb297a5257c092a1a9bd340692bc1cef5274dca2cbc4a1c9cd15f9ce,.png,generic_apk_member,False,[],
res/drawable-xxhdpi-v4/abc_ic_star_half_black_36dp.png,577,577,0bddd926,b576e32d41c77147925eefb802b172c8d367206cd1a554e4e2af45777dbb6ccb,.png,generic_apk_member,False,[],
res/drawable-xxhdpi-v4/abc_ic_star_half_black_48dp.png,789,789,c8ecac15,61380ebaeb2d6abf8dbd4eeb91bb8224b3b20e59a9ceb913e6af9a4905a98d00,.png,generic_apk_member,False,[],
res/drawable-xxhdpi-v4/abc_list_divider_mtrl_alpha.9.png,171,171,19b7f846,49903073ab23abfc11a55e1333eb2905c743e1b382006c27c15434fd76e0207c,.png,generic_apk_member,False,[],
res/drawable-xxhdpi-v4/abc_list_focused_holo.9.png,245,245,19c09c27,8c6846f4105ef1c02107e842142e9ce60b08819296e9510b2d0c12cf4560c5e1,.png,generic_apk_member,False,[],
res/drawable-xxhdpi-v4/abc_list_longpressed_holo.9.png,221,221,236b6e98,44c29766b2d88b78a71393b3e3a771ca7eef5f552630c6074f33d6291241d0b9,.png,generic_apk_member,False,[],
res/drawable-xxhdpi-v4/abc_list_pressed_holo_dark.9.png,212,212,71be1c35,a77aaa207fd579f64383323b93f048ee9434e345ca8bb641743a77901b4383c2,.png,generic_apk_member,False,[],
res/drawable-xxhdpi-v4/abc_list_pressed_holo_light.9.png,212,212,3bde0e3f,93b7657184473d5881669b80e3d43fd64e442d1ed71be4ced3518380b6cec69d,.png,generic_apk_member,False,[],
res/drawable-xxhdpi-v4/abc_list_selector_disabled_holo_dark.9.png,260,260,1b0c989d,94ae2273a335672c1c67988e7af595d42e80526edb7f5654ee130dce06fd40d7,.png,generic_apk_member,False,[],
res/drawable-xxhdpi-v4/abc_list_selector_disabled_holo_light.9.png,258,258,cff461f2,4f186547c3fe5796ef49da96d60a4a9a4b347357eaff3794f38e5f2aade3e400,.png,generic_apk_member,False,[],
res/drawable-xxhdpi-v4/abc_menu_hardkey_panel_mtrl_mult.9.png,1779,1779,e97125d2,a8252f52638c80df119db031626198a4a8d4b32ee618e96c3a36b9b946e26894,.png,generic_apk_member,False,[],
res/drawable-xxhdpi-v4/abc_popup_background_mtrl_mult.9.png,2305,2305,03217b6e,e1a2b864d0114a8471662f8e30ffcbb2eb9ffd414d36239612def8c7792a450a,.png,generic_apk_member,False,[],
res/drawable-xxhdpi-v4/abc_scrubber_control_off_mtrl_alpha.png,322,322,6761bc02,136d08fab0fe416fc7e0eca9c498e63c68357b2caa4241f444bbc3f26f9a74c9,.png,generic_apk_member,False,[],
res/drawable-xxhdpi-v4/abc_scrubber_control_to_pressed_mtrl_000.png,403,403,f0997f1b,63fad0a19cb9e416586049d40b62161b0cc4c2513d83931d3852e2f5a72e6d13,.png,generic_apk_member,False,[],
res/drawable-xxhdpi-v4/abc_scrubber_control_to_pressed_mtrl_005.png,595,595,01847edd,4f2f8c2a7b042e55aa8f43f4ce8134b3217ee9cda432c5ff8d4c33d09d86df68,.png,generic_apk_member,False,[],
res/drawable-xxhdpi-v4/abc_scrubber_primary_mtrl_alpha.9.png,210,210,5418f824,7656f2f19a84cefc2bf9fafc00760216775d333fc0b08eb85ff1e0006b46fc20,.png,generic_apk_member,False,[],
res/drawable-xxhdpi-v4/abc_scrubber_track_mtrl_alpha.9.png,207,207,3a5ce84d,c56ab9375b149ba1c5ee268f22b3cf6507bb47986f628391500fba38147dab28,.png,generic_apk_member,False,[],
res/drawable-xxhdpi-v4/abc_spinner_mtrl_am_alpha.9.png,524,524,b4b2c492,bd893783c8d2bebb167ac05a27cdaea5dfd651fe8d64bcb30c14e7b925380c79,.png,generic_apk_member,False,[],
res/drawable-xxhdpi-v4/abc_switch_track_mtrl_alpha.9.png,851,851,a3c882b5,bb4b092ae69c429e9d4f7ff97c60ba10c2e443a2b0ca19a9f6c77854bf32e293,.png,generic_apk_member,False,[],
res/drawable-xxhdpi-v4/abc_tab_indicator_mtrl_alpha.9.png,204,204,e3ea6cb6,3633ec99d66aae4332f9a6b2dbd3480513433001a8eec0e796d2bcb69d75b73f,.png,generic_apk_member,False,[],
res/drawable-xxhdpi-v4/abc_text_select_handle_left_mtrl_dark.png,420,420,1b683074,c1b23f1b9f16fcc1a91d929e06d954ae322cd3526b90c56719596a29637bbf98,.png,generic_apk_member,False,[],
res/drawable-xxhdpi-v4/abc_text_select_handle_left_mtrl_light.png,420,420,ab2a1853,afbcaede66a97ddc9b54c4d9891c09415cb6944d79c4c1ae8440cda553963957,.png,generic_apk_member,False,[],
res/drawable-xxhdpi-v4/abc_text_select_handle_middle_mtrl_dark.png,752,752,0832c1b4,53fafe0a562f0edb759bdbee020c5a3795201599347ef5b3e4bd839f8aa24f59,.png,generic_apk_member,False,[],
res/drawable-xxhdpi-v4/abc_text_select_handle_middle_mtrl_light.png,753,753,9313e5c2,24f5db226f1cd56e5e775f82c37f65f3d1eec9091b26b74861629caf0019c3bd,.png,generic_apk_member,False,[],
res/drawable-xxhdpi-v4/abc_text_select_handle_right_mtrl_dark.png,422,422,d63e53e1,c81aa07ffc6cfc98d1d746cb63e52416114c2c6cd83b3815104df84c1ce4adcd,.png,generic_apk_member,False,[],
res/drawable-xxhdpi-v4/abc_text_select_handle_right_mtrl_light.png,422,422,394ef93c,3cfd0554844896b500c33513b1e89ed62028d0c80df73d3c5935479f49704a3c,.png,generic_apk_member,False,[],
res/drawable-xxhdpi-v4/abc_textfield_activated_mtrl_alpha.9.png,199,199,308df7a1,682c466d3e4f39e31f114abc1632d85e734557bd39814e3ba7d7c61eae2d069b,.png,generic_apk_member,False,[],
res/drawable-xxhdpi-v4/abc_textfield_default_mtrl_alpha.9.png,200,200,3023e3da,a0d63ec76ec21d40fe96a4b6fb4f4aac5b61a6b63a63472dab055e0d9e9890b1,.png,generic_apk_member,False,[],
res/drawable-xxhdpi-v4/abc_textfield_search_activated_mtrl_alpha.9.png,187,187,4164b6d3,c8d13e5687a34d5b85018ff7a9f0f22870a297b261ff140b3ed041ce7e7f4b81,.png,generic_apk_member,False,[],
res/drawable-xxhdpi-v4/abc_textfield_search_default_mtrl_alpha.9.png,186,186,f52e9e15,f232714ccbecca97adc63b0811d62629057c77dcbd0b062c82e26754cb744831,.png,generic_apk_member,False,[],
res/drawable-xxhdpi-v4/common_google_signin_btn_icon_dark_normal_background.9.png,1510,1510,30b789c3,be03693c47d3c4d4466f14a695eaccd210b61e91d808c0c4a46d6f021b598278,.png,generic_apk_member,False,[],
res/drawable-xxhdpi-v4/common_google_signin_btn_icon_light_normal_background.9.png,1138,1138,aefcba59,71f14a18275f8678fd9f0c1c0affc400a975a0b815b82eca7345b6aaecf978ee,.png,generic_apk_member,False,[],
res/drawable-xxhdpi-v4/common_google_signin_btn_text_dark_normal_background.9.png,1638,1638,89e3a379,42a1b93ba380eeba9d499582df981a535f872af234ad6600675fff37459306e5,.png,generic_apk_member,False,[],
res/drawable-xxhdpi-v4/common_google_signin_btn_text_light_normal_background.9.png,1255,1255,3dae25e9,5624a284adf8a5e8e7c2560524eb05d7ee97d09a9c2dbe3a76a840766015ae30,.png,generic_apk_member,False,[],
res/drawable-xxhdpi-v4/googleg_disabled_color_18.png,727,727,2c75d16b,5db3ab4d30063b5e8fa63ae2993f83efd0af71d6526b3a1468f9e3bf891af587,.png,generic_apk_member,False,[],
res/drawable-xxhdpi-v4/googleg_standard_color_18.png,1441,1441,e1b2a1fb,549a81cda776769840f37f184d34eb673ff9e5c0671c67172818e91273753e1a,.png,generic_apk_member,False,[],
res/drawable-xxhdpi-v4/ic_call_answer.png,884,884,0ef1b92c,86763a30af2a934c7c13b123b36443d1d17918b71c6149bc6ee80115b872593d,.png,generic_apk_member,False,[],
res/drawable-xxhdpi-v4/ic_call_answer_low.png,884,884,0ef1b92c,86763a30af2a934c7c13b123b36443d1d17918b71c6149bc6ee80115b872593d,.png,generic_apk_member,False,[],
res/drawable-xxhdpi-v4/ic_call_answer_video.png,384,384,73026ef5,ca48f604262f2b4ef8b100c73130efe2ad33ef8c2a2c1b3516f24f51b7b04665,.png,generic_apk_member,False,[],
res/drawable-xxhdpi-v4/ic_call_answer_video_low.png,384,384,73026ef5,ca48f604262f2b4ef8b100c73130efe2ad33ef8c2a2c1b3516f24f51b7b04665,.png,generic_apk_member,False,[],
res/drawable-xxhdpi-v4/ic_call_decline.png,628,628,7f492a7c,87adad32e0ec19c4e920420bf3a06c9f94f6128ed0d866a1891628aeab2cef06,.png,generic_apk_member,False,[],
res/drawable-xxhdpi-v4/ic_call_decline_low.png,628,628,7f492a7c,87adad32e0ec19c4e920420bf3a06c9f94f6128ed0d866a1891628aeab2cef06,.png,generic_apk_member,False,[],
res/drawable-xxhdpi-v4/ic_other_sign_in.png,576,576,ee24feae,c9ccfa14de6703b71c0423679ed9f3e1e614fc5fdd80258ad406e46ec0edb8b6,.png,generic_apk_member,False,[],
res/drawable-xxhdpi-v4/ic_passkey.png,1290,1290,9d3dde20,fdc0a3cf8e8e65f29c3cd4a1fa2507aaf3807176b48a57f64fb7001bab49eeb2,.png,generic_apk_member,False,[],
res/drawable-xxhdpi-v4/ic_password.png,559,559,42f2d919,2f75831fa53002c19e63be3e7bb7b16f931d5332eb07b05f2d6a13e58fd44edd,.png,generic_apk_member,False,[],
res/drawable-xxxhdpi-v4/abc_btn_check_to_on_mtrl_000.png,275,275,96d1317c,b0aa010e7a885e4b7a669c16c7ba10fcd862a12dff3f142c7354778442a63fde,.png,generic_apk_member,False,[],
res/drawable-xxxhdpi-v4/abc_btn_check_to_on_mtrl_015.png,476,476,c4de743b,52a0358e54439373ca39f99cd83cf3a7be73c257f07fae83edd83c9b4891895d,.png,generic_apk_member,False,[],
res/drawable-xxxhdpi-v4/abc_btn_radio_to_on_mtrl_000.png,785,785,1cea0e0c,6002eb56783b956b5f91e6ddffaf36cc867402a01a225e627b4c25c8d21a4e23,.png,generic_apk_member,False,[],
res/drawable-xxxhdpi-v4/abc_btn_radio_to_on_mtrl_015.png,946,946,600e5975,53340b0b0f529b26db6af632a0112708233bf312448c5b89a1357b2cd70b3f42,.png,generic_apk_member,False,[],
res/drawable-xxxhdpi-v4/abc_btn_switch_to_on_mtrl_00001.9.png,2505,2505,7c75d46d,c367b73a33a933429e1d57d33fcfbf243f0274e7cdba221a0b983ee15b5baca9,.png,generic_apk_member,False,[],
res/drawable-xxxhdpi-v4/abc_btn_switch_to_on_mtrl_00012.9.png,2816,2816,018a1de4,b4af73e52266be570c2c163d987e64348066db311b41e7a382000529c0136c6b,.png,generic_apk_member,False,[],
res/drawable-xxxhdpi-v4/abc_ic_menu_copy_mtrl_am_alpha.png,327,327,da3cb045,509264704725c5d7a5161e2880990beaecc119be5e1a667d543a08acce5d6e67,.png,generic_apk_member,False,[],
res/drawable-xxxhdpi-v4/abc_ic_menu_cut_mtrl_alpha.png,910,910,566244db,5723f8dde914dfa528f5d2ad0f9702b8ec8fbc5916d0b871dd2a1fb90de50116,.png,generic_apk_member,False,[],
res/drawable-xxxhdpi-v4/abc_ic_menu_paste_mtrl_am_alpha.png,461,461,ad44ee65,f4a3af86cce6ea60d9c08c506693461dc60e9fb22d7c01c80386f00b23698659,.png,generic_apk_member,False,[],
res/drawable-xxxhdpi-v4/abc_ic_menu_selectall_mtrl_alpha.png,305,305,bca76b79,7f51c0f3f737da3fb82eefc7ed7c33a38d0f780dcdbe4425fdc0498419e6c4bd,.png,generic_apk_member,False,[],
res/drawable-xxxhdpi-v4/abc_ic_menu_share_mtrl_alpha.png,899,899,53e8c861,70253b82e6fffef3f8426b8ee7129b967212bf41788eaa1f4c6e8898af6a173a,.png,generic_apk_member,False,[],
res/drawable-xxxhdpi-v4/abc_ic_star_black_16dp.png,599,599,249e7a2f,5765229253ee4ab3b5d0d1ff67807c2d3774eb3c16951226c9b405e63bc09c54,.png,generic_apk_member,False,[],
res/drawable-xxxhdpi-v4/abc_ic_star_black_36dp.png,1269,1269,97f27b0b,35700fbbb3249978afe821da76ef59dbc2cc41cb12da4fe3f9e17746d4ecd430,.png,generic_apk_member,False,[],
res/drawable-xxxhdpi-v4/abc_ic_star_black_48dp.png,1680,1680,15621716,8e103399f00e88d7e579dbfe883887fd096b11d7c74d7eda4ea2374e70d60a14,.png,generic_apk_member,False,[],
res/drawable-xxxhdpi-v4/abc_ic_star_half_black_16dp.png,376,376,87f6eadc,fff7725e2073c330d38f630c1fc94156a77307211bfa66c032abfcda8a05f961,.png,generic_apk_member,False,[],
res/drawable-xxxhdpi-v4/abc_ic_star_half_black_36dp.png,760,760,9c922b43,fcae1f741c187496e31bef506bfea84f29f31294524aa52aafc31762956ca5a5,.png,generic_apk_member,False,[],
res/drawable-xxxhdpi-v4/abc_ic_star_half_black_48dp.png,991,991,f4d6e8d9,bdd6eb6fc49eebde70da5e50fee991ca856b202f1d4a1441e5c8a073c1d66919,.png,generic_apk_member,False,[],
res/drawable-xxxhdpi-v4/abc_scrubber_control_to_pressed_mtrl_000.png,415,415,ec058f9b,1e3b02e24fa431b1abe0a97ad6723fad43df79fda8176c1060b6fbd31178619f,.png,generic_apk_member,False,[],
res/drawable-xxxhdpi-v4/abc_scrubber_control_to_pressed_mtrl_005.png,631,631,83a904b8,683691d79ef11e863fe4ec84ddc631696e5984b5584fc4549d6586dbaca220c7,.png,generic_apk_member,False,[],
res/drawable-xxxhdpi-v4/abc_spinner_mtrl_am_alpha.9.png,430,430,c7c65396,2552cd1bcdd9882d6c258833fb70bc081a31a2a093ef9c256f92431370a6e5de,.png,generic_apk_member,False,[],
res/drawable-xxxhdpi-v4/abc_switch_track_mtrl_alpha.9.png,813,813,df201e21,100cc6ae3870dd769a252e44608a81956522e867674f854619ba7c68d314cad7,.png,generic_apk_member,False,[],
res/drawable-xxxhdpi-v4/abc_tab_indicator_mtrl_alpha.9.png,202,202,a404393e,e7e36c3cbcedc97bc28aff91ed72c4310b16c331713a1698a692c66d46f63227,.png,generic_apk_member,False,[],
res/drawable-xxxhdpi-v4/abc_text_select_handle_left_mtrl_dark.png,513,513,50866cd3,b7b075fb1b7a44a0426dc719ed5919441f31e7e1af9d3441b70263b94196468f,.png,generic_apk_member,False,[],
res/drawable-xxxhdpi-v4/abc_text_select_handle_left_mtrl_light.png,513,513,c4f21d8f,55bc27772f6d35be9334fb80c371b327db25faa9a6098c3c14049e92654ac1bf,.png,generic_apk_member,False,[],
res/drawable-xxxhdpi-v4/abc_text_select_handle_right_mtrl_dark.png,513,513,faa98882,3f4396ad18482d483a073b29004dcac7e70a630a9fbd53dcf85e85c42bdeaaa3,.png,generic_apk_member,False,[],
res/drawable-xxxhdpi-v4/abc_text_select_handle_right_mtrl_light.png,513,513,6eddf9de,d83543f0c82b62cf499f2618ad99431f9ef50da60b415980ec8e0e50b90e3893,.png,generic_apk_member,False,[],
res/drawable-xxxhdpi-v4/ic_call_answer.png,1171,1171,0d1f216a,ec698a3217bce74d8bc4a44bb008f2dbd3d1aebff1af1e9641805143dbf9fa87,.png,generic_apk_member,False,[],
res/drawable-xxxhdpi-v4/ic_call_answer_low.png,1171,1171,0d1f216a,ec698a3217bce74d8bc4a44bb008f2dbd3d1aebff1af1e9641805143dbf9fa87,.png,generic_apk_member,False,[],
res/drawable-xxxhdpi-v4/ic_call_answer_video.png,465,465,f842e86c,4c717ce1ffb551c765981add65d1956132d8f522337de2866b045f0a60485426,.png,generic_apk_member,False,[],
res/drawable-xxxhdpi-v4/ic_call_answer_video_low.png,465,465,f842e86c,4c717ce1ffb551c765981add65d1956132d8f522337de2866b045f0a60485426,.png,generic_apk_member,False,[],
res/drawable-xxxhdpi-v4/ic_call_decline.png,823,823,b4e9dacd,ab73b729bb95878120a3bdc8dc915f3aaa1d7070fc644a0de64d40941ad507ed,.png,generic_apk_member,False,[],
res/drawable-xxxhdpi-v4/ic_call_decline_low.png,823,823,b4e9dacd,ab73b729bb95878120a3bdc8dc915f3aaa1d7070fc644a0de64d40941ad507ed,.png,generic_apk_member,False,[],
res/drawable-xxxhdpi-v4/ic_other_sign_in.png,656,656,0861a930,c0a66eaf9c79616b1670e55f5900ec03d6aaf2bcaf31d068d3eb75e70833f7af,.png,generic_apk_member,False,[],
res/drawable-xxxhdpi-v4/ic_passkey.png,1609,1609,cdf4d620,4f0d8f6915b35008f14c864e9f4e74ec28af786b4f61245f63b1b55225473519,.png,generic_apk_member,False,[],
res/drawable-xxxhdpi-v4/ic_password.png,524,524,becb8af6,090f1757e1d00376cc6d1c15e75e5b005c5adca421d967b1cf624087ab747268,.png,generic_apk_member,False,[],
res/font/inter.xml,500,274,49733338,bdbdec0b7031c845d616e8b588476f926f811f3e2826a772b0973cda292df6e4,.xml,generic_apk_member,False,[],
res/interpolator/btn_checkbox_checked_mtrl_animation_interpolator_0.xml,316,187,45cb4331,68b7fc0e819c526c7e31c1413b1821bc0ccfcf4ab550c356a7f740a9d84917dc,.xml,generic_apk_member,False,[],
res/interpolator/btn_checkbox_checked_mtrl_animation_interpolator_1.xml,328,190,ecacd32e,0ab3bc82b3b9fd8499202cafe3d494a9f66fba248d01e90b90e932c8849947cc,.xml,generic_apk_member,False,[],
res/interpolator/btn_checkbox_unchecked_mtrl_animation_interpolator_0.xml,316,187,45cb4331,68b7fc0e819c526c7e31c1413b1821bc0ccfcf4ab550c356a7f740a9d84917dc,.xml,generic_apk_member,False,[],
res/interpolator/btn_checkbox_unchecked_mtrl_animation_interpolator_1.xml,328,190,ecacd32e,0ab3bc82b3b9fd8499202cafe3d494a9f66fba248d01e90b90e932c8849947cc,.xml,generic_apk_member,False,[],
res/interpolator/btn_radio_to_off_mtrl_animation_interpolator_0.xml,320,190,b0798f16,a8d7341c20d07c9fdab602e7c39187c9abb9caf5fbf9b2832cd6d9f18a2c86c2,.xml,generic_apk_member,False,[],
res/interpolator/btn_radio_to_on_mtrl_animation_interpolator_0.xml,320,190,b0798f16,a8d7341c20d07c9fdab602e7c39187c9abb9caf5fbf9b2832cd6d9f18a2c86c2,.xml,generic_apk_member,False,[],
res/interpolator/fast_out_slow_in.xml,400,214,002d5658,8237d47bafc3bab9098bd9344b12dc6c87fdd879a4e1f01c856400c595f298f0,.xml,generic_apk_member,False,[],
res/layout/abc_action_bar_title_item.xml,872,389,789fc9df,e4d96e2a0b8353e2fa5da05e0a66eefb851373192f38665e86973bc5519da1cf,.xml,generic_apk_member,False,[],
res/layout/abc_action_bar_up_container.xml,440,250,5d9ad5f8,bc8c14e6a319a5bc9282d5283dfe3506d0d95c5a2c8b9957ee11eb3573fd1bd9,.xml,generic_apk_member,False,[],
res/layout/abc_action_menu_item_layout.xml,768,393,b5187fe5,55595802a94f138514d02e14f705c9ea54ffe9d2c7c1224584d8f14c6da20740,.xml,generic_apk_member,False,[],
res/layout/abc_action_menu_layout.xml,576,296,dbeeb896,4a5a8fca483aa20dee1dfbb20d2a4ad28b3e7c8cfbfdad22655eacbc4a9a4b7a,.xml,generic_apk_member,False,[],
res/layout/abc_action_mode_bar.xml,464,268,81a4d27a,f759e6c45de07980ad59224362e4e6350095adae1e43b8271a9cc89509fc43a1,.xml,generic_apk_member,False,[],
res/layout/abc_action_mode_close_item_material.xml,840,433,af1d5dcf,84c3dc2e1efbd4552228e392adb64cf1e569f5a4f50a9c8133c12da348f8713b,.xml,generic_apk_member,False,[],
res/layout/abc_activity_chooser_view.xml,1684,595,94fc2cf3,45bec0b41217b050b06116929a7661716dd6a515d15c3d43910a73f2d8ed5a2d,.xml,generic_apk_member,False,[],
res/layout/abc_activity_chooser_view_list_item.xml,1304,567,201b73dc,5a04ee49e81f8dcb7c1b8e2742195e3a60e2ed076afcb6e2033eb58609191368,.xml,generic_apk_member,False,[],
res/layout/abc_alert_dialog_button_bar_material.xml,1584,611,4a9f8cc6,0aca1a5403b2fe1913968fc7e1e52ec669646980c7ec16080aa41e4752d92170,.xml,generic_apk_member,False,[],
res/layout/abc_alert_dialog_material.xml,2476,774,1d97ca7d,04488e1444e5ebf869f1174498b453710b08f1441f4fb35b73a15cc60e854e8b,.xml,generic_apk_member,False,[],
res/layout/abc_alert_dialog_title_material.xml,1560,644,06a5b479,037ae9d05249b2424f0a137738a747d8d2996406ff946bd1bd5ef494dae10699,.xml,generic_apk_member,False,[],
res/layout/abc_cascading_menu_item_layout.xml,1868,712,53593df5,eb592d71111540a8cdae319bb3d5956ff4531d53a6a5dd4bc115058b8c69e4c2,.xml,generic_apk_member,False,[],
res/layout/abc_dialog_title_material.xml,1116,525,0d7232a1,ea7fbb6c8f03229c43b753f22de8152f92bad9ece4a64baf62efa68165bf1253,.xml,generic_apk_member,False,[],
res/layout/abc_expanded_menu_layout.xml,388,232,eeedc994,811511fda5f50001b468a2b1d3cd3b100184a4953e18bad99fdb85061064abf4,.xml,generic_apk_member,False,[],
res/layout/abc_list_menu_item_checkbox.xml,528,285,3495a887,1bf648fbec06cd9951d89afc2ae606f2d4aa1591783f5fd338c9e6b68ddc451f,.xml,generic_apk_member,False,[],
res/layout/abc_list_menu_item_icon.xml,684,354,098de25d,b7683b119a06e8541cc13236d2b60dd40871e40253d397dfb9efa780fafea418,.xml,generic_apk_member,False,[],
res/layout/abc_list_menu_item_layout.xml,1396,594,c16a9935,4293bd86c47c3876f0092c2629b91c93a68fe357195531b4d09f743f37439cbd,.xml,generic_apk_member,False,[],
res/layout/abc_list_menu_item_radio.xml,532,287,eed7da23,d304f5887716c46f7eff6d402c5fa9c8c269748e175acbf66f94725c7329add2,.xml,generic_apk_member,False,[],
res/layout/abc_popup_menu_header_item_layout.xml,848,433,baab3c45,99c2867bb06d69fe5f3d6af575a63c64a2e9e719cb07ee4ad74abaafda0a8c0e,.xml,generic_apk_member,False,[],
res/layout/abc_popup_menu_item_layout.xml,2072,808,82b7efd3,edff1f99da90622da3a3c1bfd64e56b0b9005c76780323d054e8b40f232054f2,.xml,generic_apk_member,False,[],
res/layout/abc_screen_content_include.xml,548,297,30a6ee4b,8a878f499397dd5d577cfbc26bab28e17a5328995602eed2f7476f5e63804beb,.xml,generic_apk_member,False,[],
res/layout/abc_screen_simple.xml,832,395,04ca8a9f,168ec479e72328ecff9b551125b108a7f34910dde121410641f3152e388a90f1,.xml,generic_apk_member,False,[],
res/layout/abc_screen_simple_overlay_action_mode.xml,792,376,414e67f2,2db1b8a7ce6e86f8faadb28717ca6849dd6c1ba7601c5e193780ec40871da456,.xml,generic_apk_member,False,[],
res/layout/abc_screen_toolbar.xml,1504,621,1753e615,df546e2f8463e36d9c19f4e7f9baa93622bdb9db716779d56e17c39fcd50cee2,.xml,generic_apk_member,False,[],
res/layout/abc_search_dropdown_item_icons_2line.xml,1916,671,0ea3a0b9,e67a81b38169203b24d4dea2a22011f297f493c4ceed85ae43c26816c8db5c42,.xml,generic_apk_member,False,[],
res/layout/abc_search_view.xml,3472,1101,adf0d186,e3539733c5488ce2c081863abe01e88574b5c7fa09ed701ee1b7f6e12a0a10e3,.xml,generic_apk_member,False,[],
res/layout/abc_select_dialog_material.xml,1020,538,f33ded25,cf3a99d08bf2293a7fc21f6a7b8958376f88d3610ca69c1f9dc84bef0a926c27,.xml,generic_apk_member,False,[],
res/layout/abc_tooltip.xml,1056,501,9c62fe1d,296737f533f09a8d4b0e13e9ba1cb6a949b7fd2ae63056d4ce605449bb368968,.xml,generic_apk_member,False,[],
res/layout/ad_mob_native_banner_template_basic_layout.xml,2652,839,69b683e9,9e92dccb335839ff0cc58f586b2bd669da3fea2eb6e2c0770b225d7795a06433,.xml,generic_apk_member,False,[],
res/layout/ad_mob_native_banner_template_icon_text_layout.xml,2332,831,d686ec53,410047d75ccaf3e64531e6510d0e5a37dbce125bac3e13b4552d8e3469585689,.xml,generic_apk_member,False,[],
res/layout/ad_mob_native_banner_template_rect_layout.xml,3012,913,dd528205,ed082ccde8266cee40e2d81a370dfd2e3e703812ad2030a451e990f0ae744a65,.xml,generic_apk_member,False,[],
res/layout/ad_mob_native_banner_template_text_cta_layout.xml,2348,877,89809d72,6645ab977175779be4561df2af1f17c4b6f102ec919fb4816de9b53476e3d26d,.xml,generic_apk_member,False,[],
res/layout/admob_empty_layout.xml,396,228,a4b432a8,c9ca23afb27ccd4b55a905957642c05376b41468c6822c0a021e099ecc54b454,.xml,generic_apk_member,False,[],
res/layout/applovin_debugger_list_item_detail.xml,2268,822,e5359505,c815dbc6983156c089c23f6d82a030d79cf7687e7410338243e5793807c71369,.xml,generic_apk_member,False,[],
res/layout/applovin_native_ad_media_view.xml,600,310,efd0e3b0,928e5054d9d6a98bf989773c382a1882b6e4d4a446819240c59e39cb21592ad2,.xml,generic_apk_member,False,[],
res/layout/browser_actions_context_menu_page.xml,1660,695,73b1fc4a,a36c3c01277d141e1fafed026c20d8a1a715112954e35a44c53a615bffc3cc5e,.xml,generic_apk_member,False,[],
res/layout/browser_actions_context_menu_row.xml,1212,556,91ef2dd2,5d919f42d538599ae7a53aeb1edb13f1141614516c1e56e666f371c7518beab7,.xml,generic_apk_member,False,[],
res/layout/creative_debugger_displayed_ad_detail_activity.xml,1204,522,d3fc1d60,5b86b2fd5c3837f66c1938417e239d32a890b938cada642ede6f8a2830c1caf4,.xml,generic_apk_member,False,[],
res/layout/custom_dialog.xml,612,311,f01b900e,6b586db81adca4576c5605623bf541e09dbcfd989e6de269f3207a3c780cdee8,.xml,generic_apk_member,False,[],
res/layout/gnt_medium_template_view.xml,6000,1571,e3ab8e77,2e167c5f61f729bfb71a036083ea6747bba60743f77a0944a8d13fa427803b1c,.xml,generic_apk_member,False,[],
res/layout/gnt_small_template_view.xml,4976,1318,0302d936,faeacc07c7a4820b60104e1a45f936df25c0113eaed54b1904485c2a87144620,.xml,generic_apk_member,False,[],
res/layout/max_native_ad_banner_icon_and_text_layout.xml,2152,726,a6196e8a,c00ad7010c39cb819b36762a2537e5f794e7106f5b4b5d3de665260d66f66d86,.xml,generic_apk_member,False,[],
res/layout/max_native_ad_banner_view.xml,1000,470,cb41a1b9,a1d799118de4b40600c4271df683580d444c76bf75aad203c4a0c0acb87adbd9,.xml,generic_apk_member,False,[],
res/layout/max_native_ad_leader_view.xml,2864,923,2eb854ad,c9a6dc80bba4c72b235910ef47d155a5885223fa42a19c2a8fee9ed617174818,.xml,generic_apk_member,False,[],
res/layout/max_native_ad_media_banner_view.xml,2564,845,09a70713,7bd191ce8b56063035aadced5655fa503a65be5c17fbdcc6f47f66b537b965b4,.xml,generic_apk_member,False,[],
res/layout/max_native_ad_mrec_view.xml,1376,542,6baad4db,8c14bc7920bc5056e629a1203b77e3afa98e37cafeec336d1f00e09a37f267f7,.xml,generic_apk_member,False,[],
res/layout/max_native_ad_recycler_view_item.xml,500,246,7b63eea6,e2418ef20348ff8d3fc7d2e91cfe0df2e08ab761b8bdd3d43220e62ba02330ca,.xml,generic_apk_member,False,[],
res/layout/max_native_ad_template_1.xml,3392,1107,f9c67083,fec5f9d9c98dc969178aa023fbc7fee734a2fc4e0f7926b4e2afdea5510d29d0,.xml,generic_apk_member,False,[],
res/layout/max_native_ad_vertical_banner_view.xml,3228,1040,f2abd8e9,2c2dd7692ae18cd00b3948d1dc824f81bd86f26824ae82bd5bfc21070dbd0671,.xml,generic_apk_member,False,[],
res/layout/max_native_ad_vertical_leader_view.xml,2764,871,072a1f21,30e16fd356ddc4f1624565184e5074c34c66ed860608bbb9f963b4a492bdda76,.xml,generic_apk_member,False,[],
res/layout/max_native_ad_vertical_media_banner_view.xml,3328,1051,d6654d1b,e8bfad3f86190dda290fc02403f04d2315da8f3460924e4d7d70947368a9919d,.xml,generic_apk_member,False,[],
res/layout/mediation_debugger_ad_unit_detail_activity.xml,1412,571,84a9b85b,3514214f3f310fadf2c26f8c53d55e5388ecc9e5f0313fd3254ef6c50c7d8018,.xml,generic_apk_member,False,[],
res/layout/mediation_debugger_list_item_right_detail.xml,2248,807,84e17bd4,6adf7c7168e7d64de6d4308a93e90d9babea68c93162600083f1df62725c9b17,.xml,generic_apk_member,False,[],
res/layout/mediation_debugger_list_section.xml,808,427,1b1183c9,e6bd0d4358307201735c58059ce76d5a0d29095f0d1e6b521c0b31f833753bc9,.xml,generic_apk_member,False,[],
res/layout/mediation_debugger_list_section_centered.xml,848,440,f9c8b0c0,5f8bbcc9ac7620fcddf2ae40b74b13c932b093bde0968f2bd4e94e985b9a3ba3,.xml,generic_apk_member,False,[],
res/layout/mediation_debugger_list_view.xml,656,352,e62f601d,5adaa99b1cc8fe7d3074bbae665997ebd8d0aad10fb02ce0743ac8e3f2711675,.xml,generic_apk_member,False,[],
res/layout/mediation_debugger_multi_ad_activity.xml,6628,1431,d16ef8aa,e2486d161e6c705c92a0f040bbafeca0d9bfb1df43029a8ca7ef50c5238c7c9a,.xml,generic_apk_member,False,[],
res/layout/mediation_debugger_text_view_activity.xml,676,339,90e07025,263e7a94e7b0a28011f33fd6fd6d63bc4c45f6d91be6f7173f0fbc93af699d1e,.xml,generic_apk_member,False,[],
res/layout/medium_template_view_layout.xml,548,285,e572a399,4b4bc1e2b3eefa48781961df57dcbf408c5e2bf7c273051a08f8b0ac50533262,.xml,generic_apk_member,False,[],
res/layout/notification_template_part_chronometer.xml,440,260,c67578b2,59e2817b876a052186d1f55e7fdf409c35d943f8dfb8204660c867455ce6ca85,.xml,generic_apk_member,False,[],
res/layout/notification_template_part_time.xml,440,261,bc857fe3,e784cd850fec1d5c60e119f2ac9f3f004731fb0825d4afdf0b6f44c9f1d8b9c4,.xml,generic_apk_member,False,[],
res/layout/offline_ads_dialog.xml,1680,684,10be5c91,7def9b5fd4fa04b39d28ef6d528b9433e547982b7df22e2ec7a7f0e4649e3a2e,.xml,generic_apk_member,False,[],
res/layout/select_dialog_item_material.xml,640,350,4203ea22,80973b61f3b4747c0d83b29dd508f11288e123bfbb019e03c41f8f2bd2461dca,.xml,generic_apk_member,False,[],
res/layout/select_dialog_multichoice_material.xml,864,444,ac162305,7a0591c0176e94ef8ff18eda09e42abe70b8f5685c518059ebb82fe6b6489f2e,.xml,generic_apk_member,False,[],
res/layout/select_dialog_singlechoice_material.xml,864,444,1b97c866,fa52de7c1bc98bb461fe815c74eb782ab4f69f76c1b5cf6aa6bf5341e7c57c83,.xml,generic_apk_member,False,[],
res/layout/small_template_view_layout.xml,548,286,10ad5c59,b123ffc09b2f47d8a7ddb80749b711b520fc7036b5da0b5a33bddcf4d22d9684,.xml,generic_apk_member,False,[],
res/layout/support_simple_spinner_dropdown_item.xml,464,270,a82f1075,9410442d1a8b7ef0bbda227f4f464e0654f67536831dd6aa7349a67576d8b25f,.xml,generic_apk_member,False,[],
res/layout-v21/notification_action.xml,1052,486,8c28f0b9,b9fc0e48691e193a7503b5607508fb41f278a3fc1317c8c37c1148cf46ccd2a1,.xml,generic_apk_member,False,[],
res/layout-v21/notification_action_tombstone.xml,1228,537,48588df3,e5dc0e2775673cfdff4e505ad6a4e823c1b9d84756f453701cd9d3a5a7656e14,.xml,generic_apk_member,False,[],
res/layout-v21/notification_template_custom_big.xml,2456,788,6bbbc14b,416ca3121f400db7290ae48509f0efc4972df90b1a48dacadff1093956480ea0,.xml,generic_apk_member,False,[],
res/layout-v21/notification_template_icon_group.xml,988,422,6d28bc8b,0d2cfcf3d85c4d71fdf97d0249fea0b356d75eb97819755fa7b5211b77486802,.xml,generic_apk_member,False,[],
res/layout-v26/abc_screen_toolbar.xml,1560,650,05714dc3,f4b50cd20916ae65eba4b0500c7546108d13cb627db6ab6475586ed8d115cf61,.xml,generic_apk_member,False,[],
res/layout-watch-v20/abc_alert_dialog_button_bar_material.xml,1208,470,4c3dcdfd,488c2e68afac154ade936f0494c2c5b13c45be86624f9754481133ac26cfac6e,.xml,generic_apk_member,False,[],
res/layout-watch-v20/abc_alert_dialog_title_material.xml,1352,549,c2edad91,49f564f4aea709123e4194ef8d9103232af654157785fec389c49cda03937ae9,.xml,generic_apk_member,False,[],
res/menu/creative_debugger_displayed_ad_activity_menu.xml,424,232,c2f7c1a5,3c8888a786934b358187cb45d9edbbe5f14389c439fd10f2becd25e100a0f87e,.xml,generic_apk_member,False,[],
res/menu/mediation_debugger_activity_menu.xml,424,232,c2f7c1a5,3c8888a786934b358187cb45d9edbbe5f14389c439fd10f2becd25e100a0f87e,.xml,generic_apk_member,False,[],
res/mipmap-anydpi-v26/app_icon.xml,448,220,86144501,1fa15022c8215a89c32e67d2c6754a29741b65b74e38e6441d97420c4330cd43,.xml,generic_apk_member,False,[],
res/mipmap-anydpi-v26/app_icon_round.xml,448,220,86144501,1fa15022c8215a89c32e67d2c6754a29741b65b74e38e6441d97420c4330cd43,.xml,generic_apk_member,False,[],
res/mipmap-hdpi-v4/app_icon.png,10138,10138,8f7203f6,751e6ab2309b889624a388ca29a175d17c74274a57ebabe27997928807780ab4,.png,generic_apk_member,False,[],
res/mipmap-hdpi-v4/app_icon_round.png,10138,10138,8f7203f6,751e6ab2309b889624a388ca29a175d17c74274a57ebabe27997928807780ab4,.png,generic_apk_member,False,[],
res/mipmap-hdpi-v4/ic_launcher_background.png,7102,7102,a4a6738a,9f46962b55b85c22c13f0f251df5eabf0238196713fac24ef95ed6604d4ef1f6,.png,generic_apk_member,False,[],
res/mipmap-hdpi-v4/ic_launcher_foreground.png,16155,16155,03a07e5b,e8d1ff08660727d015204172733fb86ca2afcbd68388d72f7a4b13aba9f10792,.png,generic_apk_member,False,[],
res/mipmap-ldpi-v4/app_icon.png,3032,3032,b97c0227,199ab4cc8979c55a24aac4a57aa8566e4551925ceb85850575957f1e63fac888,.png,generic_apk_member,False,[],
res/mipmap-ldpi-v4/app_icon_round.png,3032,3032,b97c0227,199ab4cc8979c55a24aac4a57aa8566e4551925ceb85850575957f1e63fac888,.png,generic_apk_member,False,[],
res/mipmap-ldpi-v4/ic_launcher_background.png,2731,2731,174ba068,eccf345e35433d846a28b61f4ab596448b61cc509b8bc2a43f881dcfb53a5ef8,.png,generic_apk_member,False,[],
res/mipmap-ldpi-v4/ic_launcher_foreground.png,4976,4976,0e4bc0bc,d2cbe1f36eaba174a4ea16c136bb67182d2e7b9b3434f3e11c4c53410c5204a9,.png,generic_apk_member,False,[],
res/mipmap-mdpi-v4/app_icon.png,4995,4995,5db60ab8,b42d7e267b5d4d42370b4a672d2de5353e2a9f8249d8b2d57f2c8794754cc839,.png,generic_apk_member,False,[],
res/mipmap-mdpi-v4/app_icon_round.png,4995,4995,5db60ab8,b42d7e267b5d4d42370b4a672d2de5353e2a9f8249d8b2d57f2c8794754cc839,.png,generic_apk_member,False,[],
res/mipmap-mdpi-v4/ic_launcher_background.png,3843,3843,695b973c,83a3212068975d40379c7772279fd166ca5ab1f3788d9bbf26c39a9d0dec6a0a,.png,generic_apk_member,False,[],
res/mipmap-mdpi-v4/ic_launcher_foreground.png,8081,8081,5fae15f5,b502b14293abb019d9c40b351260c4d51b5c4dcd85a43e6aa40546e47f50818f,.png,generic_apk_member,False,[],
res/mipmap-xhdpi-v4/app_icon.png,16587,16587,c6fb5d02,1cebb1f891ab356dc828144205154112770b1410f7a58c14e68dbfe07b9c1ad1,.png,generic_apk_member,False,[],
res/mipmap-xhdpi-v4/app_icon_round.png,16587,16587,c6fb5d02,1cebb1f891ab356dc828144205154112770b1410f7a58c14e68dbfe07b9c1ad1,.png,generic_apk_member,False,[],
res/mipmap-xhdpi-v4/ic_launcher_background.png,6692,6692,300a61fd,9bcf2ea20d8ed8c2708ddc4d96860ac33e1ee0e2d2e8513c1b2cdba7e6340444,.png,generic_apk_member,False,[],
res/mipmap-xhdpi-v4/ic_launcher_foreground.png,26097,26097,bd8cdb00,7c1b21d8c2f2cac8717fe09cf25e83c3c8c9e71b3f9e2471a92fa3df92511877,.png,generic_apk_member,False,[],
res/mipmap-xxhdpi-v4/app_icon.png,33159,33159,3dc570b8,f63e0994d9b8840a2ce3e020b07684a02433ee85cbd070aed724d8917ad6beea,.png,generic_apk_member,False,[],
res/mipmap-xxhdpi-v4/app_icon_round.png,33159,33159,3dc570b8,f63e0994d9b8840a2ce3e020b07684a02433ee85cbd070aed724d8917ad6beea,.png,generic_apk_member,False,[],
res/mipmap-xxhdpi-v4/ic_launcher_background.png,19639,19639,a5b03d78,f18cf5c4f0948ea5eaf1736c74e7f9249fba8f610b48928d108ce690e217ae8a,.png,generic_apk_member,False,[],
res/mipmap-xxhdpi-v4/ic_launcher_foreground.png,52030,52030,86dbbf3d,1bafeb42eb8c2cbcf9667bf49d24c2c087d57f0695ae762e09d7371d96776c06,.png,generic_apk_member,False,[],
res/mipmap-xxxhdpi-v4/app_icon.png,54737,54737,791e26bd,8561dac3fac7d17c6e384383d0a2c15ae42b6d027f42be0465924aa9a2a85221,.png,generic_apk_member,False,[],
res/mipmap-xxxhdpi-v4/app_icon_round.png,54737,54737,791e26bd,8561dac3fac7d17c6e384383d0a2c15ae42b6d027f42be0465924aa9a2a85221,.png,generic_apk_member,False,[],
res/mipmap-xxxhdpi-v4/ic_launcher_background.png,31086,31086,531382ef,83c34dcfad5fc1e684b2fd289ed2ac66b8d6f8d4f204401a9876c26fd70fca23,.png,generic_apk_member,False,[],
res/mipmap-xxxhdpi-v4/ic_launcher_foreground.png,85318,85318,d423f165,fed2fefd0ee2cac2473ffe1b6de010476b6e5b1e332bdfcad5b4a77fcd9d8443,.png,generic_apk_member,False,[],
res/raw/applovin_consent_flow_unified_cmp.json,2201,2201,eee1f924,dcc49eeeddef3e7a7838eb0bd82fa7cf3f0bf0f24e339963048547dc2b986f96,.json,generic_apk_member,False,[],
res/raw/com_android_billingclient_heterodyne_info,46,46,98c50340,ab630fda5d95e18e5aaa5efed92f5cc8dc74fe33dbd25508b5fe2c5098c634d7,,generic_apk_member,False,[],
res/raw/com_android_billingclient_registration_info.binarypb,34,34,5c3e08fd,d58983726a558e9dffb4fa93848f64b1de1b26f18b827bc669d0c29802c3b371,.binarypb,generic_apk_member,False,[],
res/raw/firebase_common_keep.xml,290,187,51cf4ab5,5ef20e971497f76063ae165ee4aebc767cb12bcdd9fad3a0ca2c73d2c32f8163,.xml,generic_apk_member,False,[],
res/raw/keep_cronet_api.xml,156,127,31ae4f3b,886238f0db00240ddf57bf9ff82dc0d00323c59956ee741e65a5797e2df1b0a2,.xml,generic_apk_member,False,[],
res/raw/omsdk_v1_5_3.js,46064,15202,963e6b4b,de158185bcedb91e9190f3af33c991cb2915952d35b60050f8504800acd32cce,.js,generic_apk_member,False,[],
res/xml/appsflyer_backup_rules.xml,572,243,ffb6b0e9,aa1e18f5e881f6a70fc016628320205fb9398a33c2265ddae8c78e8417edf2c5,.xml,generic_apk_member,False,[],
res/xml/appsflyer_data_extraction_rules.xml,1036,314,2069a9b4,d11aa10b9203d2b3a1e63aa904356554b90aa94468aa3a6ebb183ae75e393a64,.xml,generic_apk_member,False,[],
res/xml/com_android_billingclient_phenotype.xml,492,205,94f9ae68,bdcb4a84cdf985a73b2fcd4f46c2a06fa14e90ca2881a174d97e0ab7af14f22e,.xml,generic_apk_member,False,[],
res/xml/image_share_filepaths.xml,308,163,10ed4d63,f1dd43e7cc35c6405c0dfcd8f9251101e7a2575703da448b88a1dc53c3d02feb,.xml,generic_apk_member,False,[],
res/xml/splits0.xml,8404,945,7b91bb99,84d8b8c05e4b7f4f3bc3e87e5230715c3d59b42071f8d5824853eadfb02e74e8,.xml,generic_apk_member,False,[],
resources.arsc,679108,679108,80fe5b09,906c338a4f2ca7dfb947a06d557ab7e312e81d96fb1c5d19411301fc97a4c1f2,.arsc,android_resources,False,[],
src/google/protobuf/any.proto,6154,2621,6b989f3d,bcf5de6ce463b1a38ff76b77955aa7e580b4ec12af34a927b1d45c9efb0faf66,.proto,generic_apk_member,False,[],
src/google/protobuf/api.proto,7728,2914,13a84c7a,e1745f7d6e9953f624b027b37da29ffc6521c45bce9aa96f39666748879fc915,.proto,generic_apk_member,False,[],
src/google/protobuf/duration.proto,4892,2058,9b07dda3,a3f7301ff2956ec2e30c2241ece07197e4a86c752348d5607224819d4921c9fe,.proto,generic_apk_member,False,[],
src/google/protobuf/empty.proto,2363,1206,219bbbf3,ecef3d54cc9e079673b9816c67bac770f7f3bf6dada2d4596ba69d71daa971e6,.proto,generic_apk_member,False,[],
src/google/protobuf/field_mask.proto,8185,3123,55287755,17b0f342cc3a262e317d56884f3f575afbfac512ad0579349cc7450e41f26891,.proto,generic_apk_member,False,[],
src/google/protobuf/source_context.proto,2341,1194,3f44a029,37d3401de89af1d1496fc949924a5f2011bd2fadfbeb0da1caa277159a96776d,.proto,generic_apk_member,False,[],
src/google/protobuf/struct.proto,3778,1670,e3408016,1bf07ba8b9a24e3a0390dddac3ad0db41c63287d252788b02398220b9abc900f,.proto,generic_apk_member,False,[],
src/google/protobuf/timestamp.proto,6449,2821,4bb1d7eb,14052c6042c1dd2d0b50245f2812eaab6eaf82db0b6e8ce483eae527f73b6ee8,.proto,generic_apk_member,False,[],
src/google/protobuf/type.proto,6367,2377,263ede1f,e230e0e4aeb87c95e9f1c6acbfc0c713db3f88094f149b154717a51d020f750b,.proto,generic_apk_member,False,[],
src/google/protobuf/wrappers.proto,4044,1546,0ab28aa0,a26c1d6ec73a592ac31796289a61ceffe2db2453ff427dfdd7697aac50844280,.proto,generic_apk_member,False,[],
transport-api.properties,62,44,c43f2a02,e75f0a43308c145c5470418f30b7705738845c39c83bdb694ca5847b56a175bb,.properties,generic_apk_member,False,[],
transport-backend-cct.properties,78,52,6de3abf7,1ed039ee49f0d7dd101964776aced73dcdf0b2335d24db4ca5330f7ce629b2d6,.properties,generic_apk_member,False,[],
transport-runtime.properties,70,48,f5d472eb,cc9fd0b49140b730b541af9b1fbcecbe714277ac80c207f76bb07f95daa33c19,.properties,generic_apk_member,False,[],
user-messaging-platform.properties,82,54,0fc59383,70052037178e7a16f254ecb3508d31821eb8a9c983d93882136c484067a9d3ff,.properties,generic_apk_member,False,[],
stamp-cert-sha256,32,35,62d68276,1d9c2a02a93816ff5c7ae64f9aad02c23de49dc514620db1a7ad624d2a83679c,,generic_apk_member,False,[],
